label,total_trades,wins,losses,win_rate,profit_factor,total_return_pct,max_drawdown_pct,worst_day_pct,avg_rr,max_consecutive_losses,score,ADX_MINIMUM,ADX_MIXED_MINIMUM,ATR_SL_MULT,ATR_TP1_MULT,MOMENTUM_BODY_ATR_PCT,SLOPE_GATE_MIXED
combo_307,158,73,85,46.20253164556962,1.0639345340070008,0.3754880501113221,0.9579555701748349,-0.4067937443567007,1.2388278820629461,5,10.491178224776,22,20,1.0,1.5,0.3,True
combo_308,158,73,85,46.20253164556962,1.0629124449345342,0.3692377044703026,0.9637029829995483,-0.4067937443567007,1.2376377783484303,5,10.466337335581398,22,20,1.0,1.5,0.35,True
combo_65,162,77,85,47.53086419753087,1.048991094719578,0.2693576091315772,0.9201707514339572,-0.3227126689089073,1.157977182482651,7,10.404248248893655,16,20,1.0,1.5,0.35,True
combo_280,160,75,85,46.875,1.0561903935174854,0.32872251244580547,1.00409984851638,-0.4067937443567007,1.1970157793198168,5,10.318065494364996,22,18,1.0,1.5,0.3,True
combo_281,160,75,85,46.875,1.05515909556058,0.32247216680478596,1.009847456987075,-0.4067937443567007,1.1958469749686573,5,10.293132125034044,22,18,1.0,1.5,0.35,True
combo_199,160,75,85,46.875,1.0427750288925213,0.2474538843783521,0.9605562655759512,-0.4067937443567007,1.1818116994115242,7,10.230364699962486,20,18,1.0,1.5,0.3,True
combo_200,160,75,85,46.875,1.0427298224081742,0.2470241903615097,0.9605603439666464,-0.4067937443567007,1.1817604653959306,7,10.229689631329205,20,18,1.0,1.5,0.35,True
combo_309,158,73,85,46.20253164556962,1.0318088204521467,0.18755947303964057,0.8861875338106746,-0.4067937443567007,1.2014212292935955,5,10.21949287341994,22,20,1.0,2.0,0.25,True
combo_300,159,71,88,44.65408805031446,1.0315684898318105,0.16407964746013748,0.8885090575368434,-0.3254349954853569,1.278563762045061,7,10.210706606974487,22,20,0.8,2.0,0.25,True
combo_310,158,73,85,46.20253164556962,1.0290274130475077,0.17110881412395973,0.8863317785565814,-0.4067937443567007,1.1981826042333996,5,10.183164980423895,22,20,1.0,2.0,0.3,True
combo_306,158,72,86,45.56962025316456,1.039350144868134,0.23305120867291407,0.959303820193753,-0.4067937443567007,1.2414460063702708,5,10.171419412630291,22,20,1.0,1.5,0.25,True
combo_301,159,71,88,44.65408805031446,1.02834442709492,0.14728312032754184,0.8886575591145647,-0.3254349954853569,1.2745677406246896,7,10.169770712883842,22,20,0.8,2.0,0.3,True
combo_311,158,73,85,46.20253164556962,1.0274093858878064,0.16146310136053943,0.8940273941306294,-0.4067937443567007,1.1962986000063498,5,10.146770621297074,22,20,1.0,2.0,0.35,True
combo_56,163,72,91,44.171779141104295,1.0122052907355823,0.060190804584854055,0.8272392471429283,-0.3213089948651213,1.2793150202352497,9,10.127669815362394,16,20,0.8,1.5,0.35,True
combo_302,160,71,89,44.375,1.018966855438467,0.09920965072224498,0.8947565060875549,-0.3254349954853569,1.277296480760895,7,10.049760367570682,22,20,0.8,2.0,0.35,True
combo_279,160,74,86,46.25,1.031575736669068,0.18628567100739746,1.0055130431173684,-0.4067937443567007,1.1988582885613495,5,9.997874115959641,22,18,1.0,1.5,0.25,True
combo_226,158,73,85,46.20253164556962,1.0306519651827102,0.17629902940658213,1.0148944648269467,-0.4067937443567007,1.2000742060346625,7,9.9448802368765,20,20,1.0,1.5,0.3,True
combo_227,158,73,85,46.20253164556962,1.0305981949423266,0.17586933538973973,1.0148987739302133,-0.4067937443567007,1.2000115968506542,7,9.944119069257711,20,20,1.0,1.5,0.35,True
combo_198,160,74,86,46.25,1.0179993246706522,0.10501704293997317,0.9619100879323383,-0.4067937443567007,1.183080296238866,7,9.908681592311833,20,18,1.0,1.5,0.25,True
combo_64,162,76,86,46.913580246913575,1.0266474976151003,0.14794923692260636,1.040658589950327,-0.3227126689089073,1.1617326946697188,7,9.879132414711652,16,20,1.0,1.5,0.3,True
combo_38,163,77,86,47.239263803680984,1.0237449993225796,0.1320073518557765,1.0560038578618711,-0.3227126689089073,1.143403505736907,7,9.821445953429942,16,18,1.0,1.5,0.35,True
combo_145,161,77,84,47.82608695652174,1.0286453363087475,0.1591347720004269,1.084878592811441,-0.3227126689089073,1.122158548700452,7,9.806263563464807,18,20,1.0,1.5,0.3,True
combo_146,161,77,84,47.82608695652174,1.0285882421792223,0.15870507798355538,1.0848832004027344,-0.3227126689089073,1.1220962641955152,7,9.805468559978532,18,20,1.0,1.5,0.35,True
combo_298,159,70,89,44.0251572327044,1.0117798580683834,0.06150540001050104,0.9905827793834004,-0.3254349954853569,1.2864058195440875,7,9.757385721922283,22,20,0.8,1.5,0.3,True
combo_297,159,70,89,44.0251572327044,1.0104576631793312,0.05463530940594501,0.990650446648072,-0.3254349954853569,1.2847247431851496,7,9.74059339320014,22,20,0.8,1.5,0.25,True
combo_271,160,71,89,44.375,1.0016648922007987,0.008656165194464847,0.9432052878457676,-0.3254349954853569,1.2556081043080436,5,9.734566428913684,22,18,0.8,1.5,0.3,True
combo_270,160,71,89,44.375,1.0003433155574577,0.0017860745899088214,0.943269718727447,-0.3254349954853569,1.253951480064982,5,9.717786755414636,22,18,0.8,1.5,0.25,True
combo_253,160,74,86,46.25,1.0288743481718627,0.16937072006323434,1.161334723361996,-0.4067937443567007,1.1957188370645973,5,9.650759395026252,22,16,1.0,1.5,0.3,True
combo_299,160,70,90,43.75,1.0032017072974546,0.01682729752754676,0.9952644417784219,-0.3254349954853569,1.2898307665252986,7,9.649901838181478,22,20,0.8,1.5,0.35,True
combo_55,163,71,92,43.558282208588956,0.9908800154456803,-0.04532298013143009,0.9340693872064886,-0.3213089948651213,1.2839572031127127,9,9.647999889978111,16,20,0.8,1.5,0.3,True
combo_54,163,71,92,43.558282208588956,0.9895043464846385,-0.05219307073598611,0.934133195855347,-0.3213089948651213,1.282174646149109,9,9.630680537767699,16,20,0.8,1.5,0.25,True
combo_272,161,71,90,44.099378881987576,0.9931173445250006,-0.036021937288489424,0.947870697181029,-0.3254349954853569,1.2588811409471836,5,9.627421082243702,22,18,0.8,1.5,0.35,True
combo_254,160,74,86,46.25,1.0278274595632484,0.1631203744222148,1.167082998488939,-0.4067937443567007,1.1945021827356668,5,9.625668785865711,22,16,1.0,1.5,0.35,True
combo_225,158,72,86,45.56962025316456,1.0058371712593512,0.03386218796820322,1.0163248722534521,-0.4067937443567007,1.2014166212264472,7,9.62265306207071,20,20,1.0,1.5,0.25,True
combo_172,160,74,86,46.25,1.0151883450295842,0.08810209199578094,1.1180132103726195,-0.4067937443567007,1.1798134820614088,7,9.559908075548494,20,16,1.0,1.5,0.3,True
combo_173,160,74,86,46.25,1.0151245300564196,0.08767239797893853,1.1180179573039941,-0.4067937443567007,1.1797393187142171,7,9.559045584945675,20,16,1.0,1.5,0.35,True
combo_136,163,72,91,44.171779141104295,0.9871442706921408,-0.06431815617717802,0.9595539046349313,-0.3213089948651213,1.2476406754581224,9,9.550175819562957,18,20,0.8,1.5,0.3,True
combo_63,162,75,87,46.2962962962963,1.000984078947979,0.0055123954841983505,1.042126559709996,-0.3227126689089073,1.1611415315796556,7,9.548343867801897,16,20,1.0,1.5,0.25,True
combo_29,163,71,92,43.558282208588956,0.9859185917161332,-0.07013328625340365,0.9568202659244864,-0.3213089948651213,1.2775283160265387,9,9.540478742185657,16,18,0.8,1.5,0.35,True
combo_273,160,72,88,45.0,0.9900300966371756,-0.051600002110557396,0.969912462655715,-0.3254349954853569,1.2100367847787703,5,9.534676040005047,22,18,0.8,2.0,0.25,True
combo_135,163,72,91,44.171779141104295,0.9857801738493971,-0.07118824678173405,0.9596194498289317,-0.3213089948651213,1.2459166086152105,9,9.532968715445241,18,20,0.8,1.5,0.25,True
combo_137,163,72,91,44.171779141104295,0.9858880181392938,-0.0706307579689601,0.9639127508397679,-0.3213089948651213,1.2460529118149406,9,9.525739300728924,18,20,0.8,1.5,0.35,True
combo_274,160,72,88,45.0,0.9867812192470805,-0.06839652924315305,0.970074569648022,-0.3254349954853569,1.2060659346353206,5,9.493464788553185,22,18,0.8,2.0,0.3,True
combo_144,161,76,85,47.20496894409938,1.002979199672054,0.016697930562018883,1.0864080840072348,-0.3227126689089073,1.1217530522647972,7,9.47532479398708,18,20,1.0,1.5,0.25,True
combo_282,160,75,85,46.875,0.9962482208424075,-0.022036479380476523,1.093537169145689,-0.4067937443567007,1.1290813169547285,5,9.364389630442458,22,18,1.0,2.0,0.25,True
combo_275,161,72,89,44.72049689440994,0.9776392721017856,-0.11646999884844991,0.9839266593186519,-0.3254349954853569,1.208470766903596,5,9.360304402956327,22,18,0.8,2.0,0.35,True
combo_252,160,73,87,45.625,1.0045532749569754,0.02693387862482632,1.1629692141583252,-0.4067937443567007,1.1972073276884503,5,9.333061260565518,22,16,1.0,1.5,0.25,True
combo_283,160,75,85,46.875,0.9934455151845074,-0.03848713829615735,1.09371516419198,-0.4067937443567007,1.1259049172091085,5,9.327781254313036,22,18,1.0,2.0,0.3,True
combo_37,163,76,87,46.62576687116564,1.0018881672759832,0.010598979646805675,1.1764911191610599,-0.3227126689089073,1.1468982967501387,7,9.301198924261115,16,18,1.0,1.5,0.3,True
combo_284,160,75,85,46.875,0.9917973209060518,-0.04813285105954856,1.1014146474280921,-0.4067937443567007,1.1240369636935252,5,9.29107748867456,22,18,1.0,2.0,0.35,True
combo_171,160,73,87,45.625,0.9907122136188854,-0.05433474944259797,1.119588954900225,-0.4067937443567007,1.1807118162307264,7,9.240776851667103,20,16,1.0,1.5,0.25,True
combo_246,160,71,89,44.375,0.9756404079641876,-0.12637953639824992,1.0443102275784262,-0.3254349954853569,1.2229858635044044,7,9.204593856285898,22,16,0.8,2.0,0.25,True
combo_247,160,71,89,44.375,0.9723955247013374,-0.14317606353084555,1.0444847690927848,-0.3254349954853569,1.2189183337805498,7,9.163397677062381,22,16,0.8,2.0,0.3,True
combo_303,159,71,88,44.65408805031446,0.9804967352029089,-0.10129390313442854,1.1054791590291622,-0.3254349954853569,1.2152635591247323,7,9.13336208240355,22,20,0.8,2.5,0.25,True
combo_244,160,70,90,43.75,0.9716851461631217,-0.14756961865955964,1.0553581913390473,-0.3254349954853569,1.2493094736382993,7,9.132350269623343,22,16,0.8,1.5,0.3,True
combo_74,162,84,78,51.85185185185185,0.9941432458958407,-0.036401505243513384,1.2105657232650473,-0.32207624114049394,0.9231330140461377,6,9.122100259806555,16,20,1.2,1.5,0.35,True
combo_243,160,70,90,43.75,0.9703850984394137,-0.15443970926411565,1.0554302834484022,-0.3254349954853569,1.2476379837078175,7,9.115770562865276,22,16,0.8,1.5,0.25,True
combo_304,159,71,88,44.65408805031446,0.97725665092703,-0.11809043026699509,1.1056638467267712,-0.3254349954853569,1.2112476800222343,7,9.09219360068326,22,20,0.8,2.5,0.3,True
combo_118,162,77,85,47.53086419753087,0.9978826657188947,-0.0118922793554666,1.2539213106059273,-0.3227126689089073,1.101558786832546,7,9.085037896299358,18,18,1.0,1.5,0.3,True
combo_119,162,77,85,47.53086419753087,0.9978046234362382,-0.012321973372338106,1.2539266361390806,-0.3227126689089073,1.1014726362607825,7,9.084031975398052,18,18,1.0,1.5,0.35,True
combo_28,163,70,93,42.944785276073624,0.9650011920673138,-0.17564707096968776,1.0636478972834005,-0.3213089948651213,1.2820730123180029,9,9.064892590621493,16,18,0.8,1.5,0.3,True
combo_27,163,70,93,42.944785276073624,0.9636554109099592,-0.1825171615742438,1.0637205577689217,-0.3213089948651213,1.2802850459232316,9,9.047854412774628,16,18,0.8,1.5,0.25,True
combo_255,160,74,86,46.25,0.9830297188513463,-0.09994202219671569,1.1706077695413724,-0.4067937443567007,1.1424399435299428,5,9.03911063833236,22,16,1.0,2.0,0.25,True
combo_248,161,71,90,44.099378881987576,0.9633705054340682,-0.1912495331361424,1.0583624063367887,-0.3254349954853569,1.2211738801276921,7,9.031355475099032,22,16,0.8,2.0,0.35,True
combo_245,161,70,91,43.47826086956522,0.9633550765841082,-0.1922477211425139,1.0600620752280168,-0.3254349954853569,1.252361599559341,7,9.02730275481379,22,16,0.8,1.5,0.35,True
combo_256,160,74,86,46.25,0.9802305710839058,-0.11639268111239653,1.1707983093693792,-0.4067937443567007,1.139186879908323,5,9.0025127515441,22,16,1.0,2.0,0.3,True
combo_36,163,75,88,46.012269938650306,0.9767188557703086,-0.13183786179160234,1.1781506964730868,-0.3227126689089073,1.1460167907704952,7,8.974968233861112,16,18,1.0,1.5,0.25,True
combo_257,160,74,86,46.25,0.9785779153249644,-0.12603839387578775,1.1784992301920068,-0.4067937443567007,1.1372662259182018,5,8.965761495927737,22,16,1.0,2.0,0.35,True
combo_59,163,70,93,42.944785276073624,0.9454098277347804,-0.27204976622488175,1.0108697948015988,-0.3213089948651213,1.2560444854190655,9,8.926333804632165,16,20,0.8,2.0,0.35,True
combo_305,160,71,89,44.375,0.9658580236063394,-0.17845321759437502,1.1221319240033933,-0.3254349954853569,1.2107234380417493,7,8.92508977925942,22,20,0.8,2.5,0.35,True
combo_316,158,80,78,50.63291139240506,1.0029314460955976,0.019555375002892107,1.3818264539860814,-0.48815249322802623,0.9778581599432076,4,8.85543924048526,22,20,1.2,1.5,0.3,True
combo_317,158,80,78,50.63291139240506,1.002113983265769,0.014092180507068407,1.3875691928278668,-0.48815249322802623,0.9770611336841247,4,8.83304753725549,22,20,1.2,1.5,0.35,True
combo_109,163,71,92,43.558282208588956,0.9548070888232664,-0.2283190410955285,1.1226056823148711,-0.3213089948651213,1.2372148193202888,9,8.818700003055158,18,18,0.8,1.5,0.3,True
combo_108,163,71,92,43.558282208588956,0.9534766499713822,-0.23518913170008454,1.1226823652472997,-0.3213089948651213,1.235490870385453,9,8.80180720336918,18,18,0.8,1.5,0.25,True
combo_110,163,71,92,43.558282208588956,0.95357548058557,-0.23463164288731062,1.1269676850732342,-0.3213089948651213,1.2356189325897529,9,8.794503614265576,18,18,0.8,1.5,0.35,True
combo_318,158,80,78,50.63291139240506,0.9750299197811082,-0.16735801024182,1.2381448427020765,-0.48815249322802623,0.9506541717865804,4,8.770330507286019,22,20,1.2,2.0,0.25,True
combo_117,162,76,86,46.913580246913575,0.9727628179683854,-0.15432912079387462,1.255689122799382,-0.3227126689089073,1.1007579255958044,7,8.759085373688153,18,18,1.0,1.5,0.25,True
combo_10,163,75,88,46.012269938650306,0.9791040182508189,-0.11834866197020166,1.3040138820884446,-0.3227126689089073,1.1488153814142943,7,8.7538380873462,16,16,1.0,1.5,0.3,True
combo_11,163,75,88,46.012269938650306,0.979013566584564,-0.11877835598707316,1.3040194234651785,-0.3227126689089073,1.1487092514592214,7,8.752707640921747,16,16,1.0,1.5,0.35,True
combo_276,160,72,88,45.0,0.9585841653429987,-0.21418985082210565,1.169125756147237,-0.3254349954853569,1.171602868752554,5,8.740495215724462,22,18,0.8,2.5,0.25,True
combo_319,158,80,78,50.63291139240506,0.9726185815408562,-0.18346280094067333,1.2383423439717371,-0.48815249322802623,0.9483031170023348,4,8.737769726994753,22,20,1.2,2.0,0.3,True
combo_320,158,80,78,50.63291139240506,0.9712762138336116,-0.1923213625588396,1.246042835055742,-0.48815249322802623,0.9469943084877713,4,8.704515786945212,22,20,1.2,2.0,0.35,True
combo_277,160,72,88,45.0,0.9553244310723752,-0.2309863779546722,1.1693210770109137,-0.3254349954853569,1.1676187490884584,5,8.69910896772459,22,18,0.8,2.5,0.3,True
combo_289,160,82,78,51.24999999999999,0.9954159116255658,-0.030413919234197236,1.4311689266838306,-0.48815249322802623,0.9468590378877332,4,8.676614303270899,22,18,1.2,1.5,0.3,True
combo_312,158,73,85,46.20253164556962,0.9487458795649197,-0.30221792833771904,1.123011150803457,-0.4067937443567007,1.1047041063427148,5,8.670327529873424,22,20,1.0,2.5,0.25,True
combo_217,160,69,91,43.125,0.9394857564094096,-0.3156014745417633,1.0882122746036706,-0.3254349954853569,1.2390319396124099,7,8.660632277615871,20,20,0.8,1.5,0.3,True
combo_290,160,82,78,51.24999999999999,0.994588628447106,-0.03587711372999183,1.4369114913605276,-0.48815249322802623,0.9460721099862716,4,8.654124744885008,22,18,1.2,1.5,0.35,True
combo_216,160,69,91,43.125,0.9382063081534606,-0.3224715651463193,1.0882866401403666,-0.3254349954853569,1.2373445513328247,7,8.644254018680714,20,20,0.8,1.5,0.25,True
combo_57,163,69,94,42.331288343558285,0.9347002529664215,-0.32799909449934783,1.085008982293878,-0.3213089948651213,1.273359764910777,9,8.642985017826785,16,20,0.8,2.0,0.25,True
combo_218,160,69,91,43.125,0.9382983982179262,-0.3219140763335745,1.0925754859491197,-0.3254349954853569,1.23746600344683,7,8.636875972114236,20,20,0.8,1.5,0.35,True
combo_313,158,73,85,46.20253164556962,0.9459401039342668,-0.3186685872533999,1.1231944024829517,-0.4067937443567007,1.1014371073207216,5,8.633677940750065,22,20,1.0,2.5,0.3,True
combo_91,162,76,86,46.913580246913575,0.9785852858859784,-0.12087215013991226,1.3616367474110642,-0.3227126689089073,1.1073465077130806,7,8.622143288967699,18,16,1.0,1.5,0.3,True
combo_92,162,76,86,46.913580246913575,0.9784941618936621,-0.12130184415678379,1.361642530422789,-0.3227126689089073,1.1072433937217756,7,8.62100563601265,18,16,1.0,1.5,0.35,True
combo_58,163,69,94,42.331288343558285,0.9313374022763351,-0.3447956216319144,1.0851903652092318,-0.3213089948651213,1.2687784900576158,9,8.600595481528932,16,20,0.8,2.0,0.3,True
combo_73,162,83,79,51.23456790123457,0.9731518927604716,-0.16860870831548527,1.3369219990736643,-0.32207624114049394,0.9262530063623766,6,8.593370575299645,16,20,1.2,1.5,0.3,True
combo_190,161,69,92,42.857142857142854,0.9351547783634094,-0.34174849131135854,1.1142191453680355,-0.3254349954853569,1.2468730378178792,7,8.562235247242345,20,18,0.8,1.5,0.3,True
combo_315,158,79,79,50.0,0.9802713178399749,-0.13277967903266835,1.383908186010011,-0.48815249322802623,0.9802713178399749,4,8.548506966863393,22,20,1.2,1.5,0.25,True
combo_189,161,69,92,42.857142857142854,0.9338912713659994,-0.34861858191591455,1.1142952881452086,-0.3254349954853569,1.2451883618213324,7,8.54601284641162,20,18,0.8,1.5,0.25,True
combo_191,161,69,92,42.857142857142854,0.9339813823416236,-0.3480610931031697,1.1185828604023274,-0.3254349954853569,1.2453085097888315,7,8.538617556059997,20,18,0.8,1.5,0.35,True
combo_1,163,69,94,42.331288343558285,0.9417806081451402,-0.29452764911172563,1.181848362704987,-0.3213089948651213,1.2830054661687418,9,8.536845531485566,16,16,0.8,1.5,0.3,True
combo_314,158,73,85,46.20253164556962,0.9421803748675561,-0.34060361773887415,1.1488115366614764,-0.4067937443567007,1.0970593405992093,5,8.533878866483171,22,20,1.0,2.5,0.35,True
combo_47,163,84,79,51.533742331288344,0.9704225218305748,-0.18600807297149732,1.3587751194192013,-0.31684609712589007,0.9126592764835169,6,8.523670942981598,16,18,1.2,1.5,0.35,True
combo_0,163,69,94,42.331288343558285,0.9404601824143102,-0.30139773971628164,1.1819290977640833,-0.3213089948651213,1.2812066253180456,9,8.520044758756795,16,16,0.8,1.5,0.25,True
combo_278,161,72,89,44.72049689440994,0.9440229677829877,-0.2913491652820521,1.1954634447999373,-0.3254349954853569,1.1669172796206377,5,8.513628205588974,22,18,0.8,2.5,0.35,True
combo_2,163,69,94,42.331288343558285,0.9405556735415128,-0.3008402509035077,1.1862118030307283,-0.3213089948651213,1.281336714679742,9,8.512713003901919,16,16,0.8,1.5,0.35,True
combo_9,163,74,89,45.39877300613497,0.9543538271986528,-0.2607855034086096,1.3058533450627385,-0.3227126689089073,1.1478039273064877,7,8.431438830156747,16,16,1.0,1.5,0.25,True
combo_249,160,71,89,44.375,0.9442595333461028,-0.2889693851098273,1.2434923890494558,-0.3254349954853569,1.1836492741944105,7,8.411125862807204,22,16,0.8,2.5,0.25,True
combo_60,163,70,93,42.944785276073624,0.9318518564557496,-0.3409300267293729,1.1848583330716322,-0.3213089948651213,1.238031752148353,9,8.408336885049545,16,20,0.8,2.5,0.25,True
combo_250,160,71,89,44.375,0.941003839757512,-0.3057659122423938,1.2437001340299485,-0.3254349954853569,1.1795681934988531,7,8.369755173394026,22,16,0.8,2.5,0.3,True
combo_288,160,81,79,50.625,0.9726998324510677,-0.1827489732697577,1.4333249935167796,-0.48815249322802623,0.9486825526374612,4,8.36897385084224,22,18,1.2,1.5,0.25,True
combo_61,163,70,93,42.944785276073624,0.9284746366678794,-0.35772655386193947,1.1850561883909536,-0.3213089948651213,1.2335448744301825,9,8.365770712965917,16,20,0.8,2.5,0.3,True
combo_228,158,71,87,44.936708860759495,0.9408898569424918,-0.3450093445536913,1.2275217850535358,-0.4067937443567007,1.1529213739999546,7,8.361350327041002,20,20,1.0,2.0,0.25,True
combo_82,163,70,93,42.944785276073624,0.9346203393733982,-0.3317544649784977,1.225442503881979,-0.3213089948651213,1.241709879453229,9,8.359441153480775,18,16,0.8,1.5,0.3,True
combo_81,163,70,93,42.944785276073624,0.9333084091393087,-0.3386245555830537,1.2255262113905006,-0.3213089948651213,1.2399668864279385,9,8.342719390820559,18,16,0.8,1.5,0.25,True
combo_83,163,70,93,42.944785276073624,0.9334018552655938,-0.33806706677027976,1.2298064974799172,-0.3213089948651213,1.240091036281432,9,8.335372024310963,18,16,0.8,1.5,0.35,True
combo_229,158,71,87,44.936708860759495,0.938053026183969,-0.3614600034693722,1.2277219648398427,-0.4067937443567007,1.1494452574366945,7,8.324356330425319,20,20,1.0,2.0,0.3,True
combo_230,158,71,87,44.936708860759495,0.9376879718013693,-0.3633448474005854,1.2277449047256317,-0.4067937443567007,1.1489979372777344,7,8.319717484862137,20,20,1.0,2.0,0.35,True
combo_90,162,75,87,46.2962962962963,0.9537554753910056,-0.2633089915783203,1.3635564197419907,-0.3227126689089073,1.1063563514535666,7,8.298787418636916,18,16,1.0,1.5,0.25,True
combo_154,161,84,77,52.17391304347826,0.9728302810628359,-0.17088946172317082,1.4810004293652959,-0.32207624114049394,0.8917610909742663,5,8.29085722103618,18,20,1.2,1.5,0.3,True
combo_68,162,74,88,45.67901234567901,0.930530880193815,-0.3899281992092583,1.2208800629892136,-0.3227126689089073,1.1065772629331854,7,8.288584576355094,16,20,1.0,2.0,0.35,True
combo_291,160,82,78,51.24999999999999,0.9615473784377229,-0.25632963300676787,1.4000848215069108,-0.48815249322802623,0.9146426282700291,4,8.287139324860023,22,18,1.2,2.0,0.25,True
combo_155,161,84,77,52.17391304347826,0.9728667389471923,-0.1705320045948174,1.4852497006767098,-0.32207624114049394,0.8917945107015929,5,8.282901985821093,18,20,1.2,1.5,0.35,True
combo_72,162,82,80,50.617283950617285,0.9493738504741593,-0.32094376235104577,1.3389427242352383,-0.32207624114049394,0.926218390706497,6,8.275381175095593,16,20,1.2,1.5,0.25,True
combo_62,163,70,93,42.944785276073624,0.9238951432244228,-0.38356116779086,1.2088278500177025,-0.3213089948651213,1.2274606902838758,9,8.259515148313394,16,20,0.8,2.5,0.35,True
combo_292,160,82,78,51.24999999999999,0.9591187336223724,-0.27243442370562115,1.400308154448537,-0.48815249322802623,0.9123324539334761,4,8.25435381547384,22,18,1.2,2.0,0.3,True
combo_32,163,69,94,42.331288343558285,0.9146603322853363,-0.42947347340638226,1.1675528749657957,-0.3213089948651213,1.2460590034032117,9,8.226760836218581,16,18,0.8,2.0,0.35,True
combo_293,160,82,78,51.24999999999999,0.9577594892838285,-0.2812929853238165,1.4080104065036938,-0.48815249322802623,0.9110395141968124,4,8.220927587168989,22,18,1.2,2.0,0.35,True
combo_285,160,75,85,46.875,0.9303613397841606,-0.40903017887478926,1.251323928553312,-0.4067937443567007,1.0544095184220488,5,8.196450451297586,22,18,1.0,2.5,0.25,True
combo_138,163,70,93,42.944785276073624,0.9155102505364404,-0.4276445751090505,1.1913515883414534,-0.3213089948651213,1.216320761426985,9,8.188577041126972,18,20,0.8,2.0,0.25,True
combo_141,163,71,92,43.558282208588956,0.9230401589624726,-0.3879774892487767,1.2393921976544287,-0.3213089948651213,1.1960520369654575,9,8.187628449691482,18,20,0.8,2.5,0.25,True
combo_251,161,71,90,44.099378881987576,0.9298241366588451,-0.36612869956977373,1.2698680280086276,-0.3254349954853569,1.1786503140745923,7,8.185440960786309,22,16,0.8,2.5,0.35,True
combo_286,160,75,85,46.875,0.9275392296220912,-0.42548083779047013,1.251528118165619,-0.4067937443567007,1.0512111269050368,5,8.15959564099444,22,18,1.0,2.5,0.3,True
combo_139,163,70,93,42.944785276073624,0.9121677528169162,-0.44444110224161704,1.1915507342603184,-0.3213089948651213,1.21188001445676,9,8.146355508527718,18,20,0.8,2.0,0.3,True
combo_142,163,71,92,43.558282208588956,0.9196863324156008,-0.40477401638134325,1.2395991431109354,-0.3213089948651213,1.1917062335526094,9,8.145278029743467,18,20,0.8,2.5,0.3,True
combo_201,160,73,87,45.625,0.9369498521354126,-0.3701099876453227,1.3207278371819207,-0.4067937443567007,1.116638864873711,7,8.142987853167623,20,18,1.0,2.0,0.25,True
combo_140,163,70,93,42.944785276073624,0.9106670340131728,-0.45220885394774085,1.197366619096711,-0.3213089948651213,1.2098862023317867,9,8.115832674964436,18,20,0.8,2.0,0.35,True
combo_202,160,73,87,45.625,0.9341279913904147,-0.38656064656100353,1.320943216672074,-0.4067937443567007,1.1132758253556998,7,8.106113157279497,20,18,1.0,2.0,0.3,True
combo_203,160,73,87,45.625,0.9337623800270466,-0.38844549049221677,1.3209678983894257,-0.4067937443567007,1.1128400967445622,7,8.101465258245506,20,18,1.0,2.0,0.35,True
combo_262,160,81,79,50.625,0.9722139091866445,-0.1851173027734185,1.5839316901984601,-0.48815249322802623,0.9482086274783322,4,8.061717060082817,22,16,1.2,1.5,0.3,True
combo_287,160,75,85,46.875,0.9237525160421759,-0.4474158682759443,1.2771402424038825,-0.4067937443567007,1.0469195181811326,5,8.059536741476023,22,18,1.0,2.5,0.35,True
combo_263,160,81,79,50.625,0.9713735906869984,-0.19058049726921308,1.5896737156655405,-0.48815249322802623,0.9473890575836157,4,8.039098226904295,22,16,1.2,1.5,0.35,True
combo_46,163,83,80,50.920245398773,0.9499160243730017,-0.3182152760434692,1.4851383299731755,-0.31684609712589007,0.9155817102390378,6,7.999775945761932,16,18,1.2,1.5,0.3,True
combo_153,161,83,78,51.5527950310559,0.9490912238199075,-0.3232245157587313,1.4832357030208438,-0.32207624114049394,0.8919170537102746,5,7.972828574278021,18,20,1.2,1.5,0.25,True
combo_66,162,73,89,45.06172839506173,0.918478949335848,-0.462117983193326,1.3104119173904871,-0.3227126689089073,1.1197894039848009,7,7.952906666980842,16,20,1.0,2.0,0.25,True
combo_208,160,81,79,50.625,0.9636934838051199,-0.24005335214092338,1.5845206610950353,-0.48815249322802623,0.9398985829704256,5,7.947866839790667,20,18,1.2,1.5,0.3,True
combo_30,163,68,95,41.717791411042946,0.9042936444346272,-0.4854228016808484,1.2416628379038288,-0.3213089948651213,1.2633514150189644,9,7.946899367698191,16,18,0.8,2.0,0.25,True
combo_209,160,81,79,50.625,0.9637216329149044,-0.23969589501256996,1.5887641637414913,-0.48815249322802623,0.9399260370404623,5,7.939840054159777,20,18,1.2,1.5,0.35,True
combo_219,160,68,92,42.5,0.9040725554032456,-0.5029904968912596,1.2344244605729704,-0.3254349954853569,1.2231569867220382,7,7.9203813844408835,20,20,0.8,2.0,0.25,True
combo_67,162,73,89,45.06172839506173,0.915551168010698,-0.47856864210900674,1.3106256864831773,-0.3227126689089073,1.1162199171637277,7,7.914975986086121,16,20,1.0,2.0,0.3,True
combo_235,158,79,79,50.0,0.9549038993897089,-0.2967599310825317,1.5338742264100491,-0.48815249322802623,0.9549038993897089,5,7.912910575535726,20,20,1.2,1.5,0.3,True
combo_236,158,79,79,50.0,0.954925869414996,-0.2964024739541783,1.5381200947760658,-0.48815249322802623,0.954925869414996,5,7.90481726762074,20,20,1.2,1.5,0.35,True
combo_31,163,68,95,41.717791411042946,0.9009550112746239,-0.5022193288134149,1.2418704089277568,-0.3213089948651213,1.2586871481042539,9,7.904699630484017,16,18,0.8,2.0,0.3,True
combo_220,160,68,92,42.5,0.9008430563309902,-0.5197870240238263,1.2346309022069586,-0.3254349954853569,1.2187876644478104,7,7.87927524688407,20,20,0.8,2.0,0.3,True
combo_163,161,68,93,42.2360248447205,0.9057352974239126,-0.497974275165383,1.2696075709982122,-0.3254349954853569,1.2387262155944687,7,7.879150694660011,20,16,0.8,1.5,0.3,True
combo_258,160,74,86,46.25,0.9173177016354879,-0.4869357216910576,1.3285880895834723,-0.4067937443567007,1.0660719235223237,5,7.872532976342406,22,16,1.0,2.5,0.25,True
combo_162,161,68,93,42.2360248447205,0.9044925543623307,-0.5048443657699391,1.2696943326077013,-0.3254349954853569,1.237026581701423,7,7.863114695522935,20,16,0.8,1.5,0.25,True
combo_164,161,68,93,42.2360248447205,0.904575517463258,-0.5042868769571942,1.273974295522456,-0.3254349954853569,1.237140045942397,7,7.85566314510907,20,16,0.8,1.5,0.35,True
combo_221,160,68,92,42.5,0.8993986127280827,-0.5275547757299792,1.2404503187458373,-0.3254349954853569,1.2168334172203472,7,7.849308101924164,20,20,0.8,2.0,0.35,True
combo_259,160,74,86,46.25,0.9144992522414286,-0.5033863806067385,1.328804887073505,-0.4067937443567007,1.062796428280579,5,7.8356895579639065,22,16,1.0,2.5,0.3,True
combo_174,160,72,88,45.0,0.9238809196811126,-0.4480155304615619,1.3979434736495964,-0.4067937443567007,1.12918779072136,7,7.8189144842811515,20,16,1.0,2.0,0.25,True
combo_175,160,72,88,45.0,0.921062713796604,-0.4644661893772427,1.3981714451847918,-0.4067937443567007,1.125743316862516,7,7.782051152907833,20,16,1.0,2.0,0.3,True
combo_176,160,72,88,45.0,0.9206893291680054,-0.4663510333084559,1.3981975699053573,-0.4067937443567007,1.1252869578720066,7,7.777322635215111,20,16,1.0,2.0,0.35,True
combo_261,160,80,80,50.0,0.9497959660922941,-0.33745235680897895,1.5863178952922268,-0.48815249322802623,0.9497959660922941,4,7.756597691933999,22,16,1.2,1.5,0.25,True
combo_260,160,74,86,46.25,0.9107138753202757,-0.5253214110922126,1.3544139945519573,-0.4067937443567007,1.0583972064532934,5,7.735650058552736,22,16,1.0,2.5,0.35,True
combo_143,163,70,93,42.944785276073624,0.9001416114237465,-0.5111222374233911,1.3434096684734407,-0.3213089948651213,1.1959024266058347,9,7.689035658578889,18,20,0.8,2.5,0.35,True
combo_45,163,82,81,50.306748466257666,0.9266258249364773,-0.4705503300790297,1.487383080522478,-0.31684609712589007,0.9153255099982276,6,7.686216923280303,16,18,1.2,1.5,0.25,True
combo_207,160,80,80,50.0,0.9411821092241123,-0.39238840617648385,1.586911651796587,-0.48815249322802623,0.9411821092241123,5,7.641803585559707,20,18,1.2,1.5,0.25,True
combo_41,163,74,89,45.39877300613497,0.9022993768146855,-0.5543780728282728,1.3839580880942004,-0.3227126689089073,1.0851978991419868,7,7.60788855554432,16,18,1.0,2.0,0.35,True
combo_234,158,78,80,49.36708860759494,0.9323652238761455,-0.4490949851180922,1.536188793271021,-0.48815249322802623,0.9562720244883544,5,7.606727159660367,20,20,1.2,1.5,0.25,True
combo_33,163,69,94,42.331288343558285,0.8959869703793817,-0.5254533502540871,1.3682757447887506,-0.3213089948651213,1.2206199306617664,9,7.5905915390892735,16,18,0.8,2.5,0.25,True
combo_127,162,84,78,51.85185185185185,0.944340811044183,-0.35417282353118934,1.6623195983664285,-0.31684609712589007,0.8768878959695985,5,7.561682501943378,18,18,1.2,1.5,0.3,True
combo_128,162,84,78,51.85185185185185,0.9443556862027623,-0.35381536640283595,1.6665603983109984,-0.31684609712589007,0.8769017086168507,5,7.55352838220421,18,18,1.2,1.5,0.35,True
combo_34,163,69,94,42.331288343558285,0.8926327092617742,-0.5422498773866536,1.3685042283355584,-0.3213089948651213,1.2160503575450254,9,7.548193697253299,16,18,0.8,2.5,0.3,True
combo_147,161,74,87,45.962732919254655,0.9061598767395124,-0.5328527957529149,1.430160365082406,-0.3227126689089073,1.0653501253559132,7,7.544851639353854,18,20,1.0,2.0,0.25,True
combo_148,161,74,87,45.962732919254655,0.9032332986563519,-0.5493034546685958,1.4303935514885946,-0.3227126689089073,1.061909418690576,7,7.506894156252032,18,20,1.0,2.0,0.3,True
combo_264,160,81,79,50.625,0.9322621826579502,-0.4534148532064282,1.5952615976977496,-0.48815249322802623,0.9092433633330627,4,7.505391204580789,22,16,1.2,2.0,0.25,True
combo_149,161,74,87,45.962732919254655,0.9028338912795718,-0.551188298599809,1.430420273813853,-0.3227126689089073,1.0614398451530103,7,7.501904215868108,18,20,1.0,2.0,0.35,True
combo_265,160,81,79,50.625,0.9298344577089048,-0.46951964390528156,1.5955160640413628,-0.48815249322802623,0.9068755822099195,4,7.472552627053682,22,16,1.2,2.0,0.3,True
combo_35,163,69,94,42.331288343558285,0.8883685603360957,-0.5680844913155743,1.3922794412279247,-0.3213089948651213,1.2102412271245362,9,7.445084475247321,16,18,0.8,2.5,0.35,True
combo_19,163,82,81,50.306748466257666,0.9287141641416423,-0.4572299811354169,1.622861224380251,-0.31684609712589007,0.91738838165211,6,7.442804202088213,16,16,1.2,1.5,0.3,True
combo_69,162,73,89,45.06172839506173,0.8899542544864982,-0.6238157820758351,1.384316776270864,-0.3227126689089073,1.085012721223265,7,7.439001101285338,16,20,1.0,2.5,0.25,True
combo_266,160,81,79,50.625,0.9284601317344687,-0.47837820552347693,1.6032204384919237,-0.48815249322802623,0.9055351902101608,4,7.438971337599101,22,16,1.2,2.0,0.35,True
combo_20,163,82,81,50.306748466257666,0.9287174064175546,-0.45687252400706346,1.6271099748822255,-0.31684609712589007,0.9173915843880722,6,7.434517852407564,16,16,1.2,1.5,0.35,True
combo_77,162,81,81,50.0,0.8925028828443555,-0.6833010203224111,1.4007955810284494,-0.32207624114049394,0.8925028828443554,6,7.401787156225451,16,20,1.2,2.0,0.35,True
combo_70,162,73,89,45.06172839506173,0.8870177685161246,-0.640266440991516,1.3845427996451822,-0.3227126689089073,1.0814326218895218,7,7.400958865375122,16,20,1.0,2.5,0.3,True
combo_181,160,80,80,50.0,0.9405434101829546,-0.3947567356801446,1.737532522915751,-0.48815249322802623,0.9405434101829546,5,7.332990688157972,20,16,1.2,1.5,0.3,True
combo_182,160,80,80,50.0,0.9405549629780277,-0.39439927855179124,1.7417688783038305,-0.48815249322802623,0.9405549629780277,5,7.32481223389672,20,16,1.2,1.5,0.35,True
combo_71,162,73,89,45.06172839506173,0.8841746541992407,-0.660149284261046,1.4073827493012867,-0.3227126689089073,1.0779663592292112,7,7.316906401259311,16,20,1.0,2.5,0.35,True
combo_3,163,67,96,41.104294478527606,0.8766678033414927,-0.6305074879036546,1.386038014258673,-0.3213089948651213,1.2561210316534823,9,7.309348260945754,16,16,0.8,2.0,0.25,True
combo_321,158,80,78,50.63291139240506,0.9118789862809955,-0.5901021485426318,1.5475661799686888,-0.48815249322802623,0.8890820116239706,4,7.308606428601262,22,20,1.2,2.5,0.25,True
combo_192,161,68,93,42.2360248447205,0.8775259930131101,-0.6489089775970788,1.379686102318547,-0.3254349954853569,1.200145843385577,7,7.301433236695469,20,18,0.8,2.0,0.25,True
combo_111,163,69,94,42.331288343558285,0.8767306548108253,-0.629970674397322,1.3926736109819644,-0.3213089948651213,1.1943866891625738,9,7.296973988945664,18,18,0.8,2.0,0.25,True
combo_39,163,73,90,44.785276073619634,0.8906508889733447,-0.6265678568123404,1.4734602961470036,-0.3227126689089073,1.098062739830151,7,7.276304369033269,16,18,1.0,2.0,0.25,True
combo_322,158,80,78,50.63291139240506,0.9094459667423791,-0.6062069392414852,1.547813383531837,-0.48815249322802623,0.8867098175738197,4,7.275729430739375,22,20,1.2,2.5,0.3,True
combo_4,163,67,96,41.104294478527606,0.8733479969204184,-0.6473040150362213,1.3862697207421404,-0.3213089948651213,1.2513642940949277,9,7.2672885202017925,16,16,0.8,2.0,0.3,True
combo_193,161,68,93,42.2360248447205,0.8743230282028047,-0.6657055047296454,1.3799168370961301,-0.3254349954853569,1.1957653179832477,7,7.260543855470966,20,18,0.8,2.0,0.3,True
combo_112,163,69,94,42.331288343558285,0.8734097294648889,-0.6467672015298885,1.3929064098204031,-0.3213089948651213,1.1898625299956456,9,7.254900874243137,18,18,0.8,2.0,0.3,True
combo_150,161,74,87,45.962732919254655,0.8869464336294511,-0.6419525765450963,1.4525565933654743,-0.3227126689089073,1.0427613476454358,7,7.253374861291014,18,20,1.0,2.5,0.25,True
combo_126,162,83,79,51.23456790123457,0.9211370000265549,-0.5065078775667498,1.66482853700794,-0.31684609712589007,0.8767448554469617,5,7.248458987466292,18,18,1.2,1.5,0.25,True
combo_40,163,73,90,44.785276073619634,0.8877460282325026,-0.6430185157280212,1.4737006635203782,-0.3227126689089073,1.0944814046702087,7,7.23854969742026,16,18,1.0,2.0,0.3,True
combo_5,163,67,96,41.104294478527606,0.8718769651044028,-0.6550717667423741,1.3920898021702584,-0.3213089948651213,1.2492565470152637,9,7.237054163332323,16,16,0.8,2.0,0.35,True
combo_194,161,68,93,42.2360248447205,0.8729032932087725,-0.6734732564357983,1.3857390703644379,-0.3254349954853569,1.1938236215943505,7,7.23081816314095,20,18,0.8,2.0,0.35,True
combo_113,163,69,94,42.331288343558285,0.8719381709770454,-0.6545349532360124,1.3987261966285751,-0.3213089948651213,1.1878577981426417,9,7.2246618398952975,18,18,0.8,2.0,0.35,True
combo_151,161,74,87,45.962732919254655,0.8840140022640716,-0.6584032354607771,1.4527936376786976,-0.3227126689089073,1.0393137594185706,7,7.215351129552932,18,20,1.0,2.5,0.3,True
combo_294,160,82,78,51.24999999999999,0.9198368692219825,-0.5339082327641227,1.666628004678257,-0.48815249322802623,0.8749667780404224,4,7.198158566481249,22,18,1.2,2.5,0.25,True
combo_6,163,68,95,41.717791411042946,0.8785615244879892,-0.6183733879924257,1.4606388807493942,-0.3213089948651213,1.2274021297993967,9,7.185150789384892,16,16,0.8,2.5,0.25,True
combo_323,158,80,78,50.63291139240506,0.9062207758405432,-0.6273548185817635,1.5733998782685648,-0.48815249322802623,0.8835652564445295,4,7.18173059257742,22,20,1.2,2.5,0.35,True
combo_295,160,82,78,51.24999999999999,0.9173930924497461,-0.550013023462976,1.6668942268188875,-0.48815249322802623,0.872642209891222,4,7.165135959128197,22,18,1.2,2.5,0.3,True
combo_7,163,68,95,41.717791411042946,0.8752290605436378,-0.6351699151249923,1.4608827876909227,-0.3213089948651213,1.222746481641847,9,7.142940072492036,16,16,0.8,2.5,0.3,True
combo_18,163,81,82,49.693251533742334,0.9058357940126911,-0.6095650351709774,1.6253141397426434,-0.31684609712589007,0.917018951963465,6,7.132947143056135,16,16,1.2,1.5,0.25,True
combo_114,163,70,93,42.944785276073624,0.8765051297162464,-0.6286288029069692,1.4785823907638733,-0.3213089948651213,1.1644996723372987,9,7.123572114181232,18,18,0.8,2.5,0.25,True
combo_100,162,83,79,51.23456790123457,0.9267260859710263,-0.4686971412171406,1.7756165932949115,-0.31684609712589007,0.8820645878519409,7,7.101679102511871,18,16,1.2,1.5,0.3,True
combo_101,162,83,79,51.23456790123457,0.9267278681425183,-0.4683396840887872,1.7798520999193563,-0.31684609712589007,0.88206628413565,7,7.093404639542077,18,16,1.2,1.5,0.35,True
combo_115,163,70,93,42.944785276073624,0.8731709619219876,-0.6454253300395358,1.4788292746061458,-0.3213089948651213,1.1600699922677835,9,7.081338404987815,18,18,0.8,2.5,0.3,True
combo_296,160,82,78,51.24999999999999,0.9141559827293523,-0.5711609028032545,1.6924751435191288,-0.48815249322802623,0.8695630079620669,4,7.0710290888536385,22,18,1.2,2.5,0.35,True
combo_84,163,68,95,41.717791411042946,0.866813419644222,-0.6836067044853262,1.4460434634217096,-0.3213089948651213,1.2109893362676631,9,7.064243917356138,18,16,0.8,2.0,0.25,True
combo_75,162,80,82,49.382716049382715,0.8806482252274671,-0.7666355033863074,1.5004788446370647,-0.32207624114049394,0.9026644308581537,6,7.042206811307389,16,20,1.2,2.0,0.25,True
combo_180,160,79,81,49.375,0.9183298847149562,-0.547091789715705,1.7401544035942043,-0.48815249322802623,0.9415787425558413,5,7.029444145103302,20,16,1.2,1.5,0.25,True
combo_85,163,68,95,41.717791411042946,0.8635041736705954,-0.7004032316178928,1.4462851835461967,-0.3213089948651213,1.206366124980979,9,7.022269753804614,18,16,0.8,2.0,0.3,True
combo_76,162,80,82,49.382716049382715,0.878101608058355,-0.7827402940851608,1.5007190557744288,-0.32207624114049394,0.9000541482598139,6,7.008207821992111,16,20,1.2,2.0,0.3,True
combo_86,163,68,95,41.717791411042946,0.8620427302951618,-0.7081709833240165,1.4521060047551528,-0.3213089948651213,1.2043244026182407,9,6.992129801779303,18,16,0.8,2.0,0.35,True
combo_165,161,67,94,41.61490683229814,0.8637338143470072,-0.7236885118848003,1.4541290232361777,-0.3254349954853569,1.2118056499793832,7,6.977235841055319,20,16,0.8,2.0,0.25,True
combo_166,161,67,94,41.61490683229814,0.860534798878545,-0.740485039017367,1.454372207636013,-0.3254349954853569,1.2073174790236303,7,6.93636105400474,20,16,0.8,2.0,0.3,True
combo_167,161,67,94,41.61490683229814,0.8591234609409869,-0.7482527907235198,1.4601958844069796,-0.3254349954853569,1.2053373929619817,7,6.90671644523415,20,16,0.8,2.0,0.35,True
combo_87,163,69,94,42.331288343558285,0.8665496916168927,-0.6822648329949734,1.531892768336113,-0.3213089948651213,1.1805169711882304,9,6.890578962999213,18,16,0.8,2.5,0.25,True
combo_88,163,69,94,42.331288343558285,0.8632272964705044,-0.6990613601275399,1.532148553590258,-0.3213089948651213,1.1759908096844554,9,6.848445177460759,18,16,0.8,2.5,0.3,True
combo_99,162,82,80,50.617283950617285,0.9038038840948188,-0.621032195252701,1.7782965310684926,-0.31684609712589007,0.8817598869217744,7,6.790929681184852,18,16,1.2,1.5,0.25,True
combo_210,160,79,81,49.375,0.8848070210521268,-0.7737802462973923,1.655773359344349,-0.48815249322802623,0.907207198800282,5,6.749633368683874,20,18,1.2,2.0,0.25,True
combo_152,161,73,88,45.3416149068323,0.8651236539025275,-0.7780208185242081,1.5705937111964416,-0.3227126689089073,1.0428887882660607,7,6.7310387073702875,18,20,1.0,2.5,0.35,True
combo_211,160,79,81,49.375,0.8823731550180846,-0.7898850369962456,1.6560384554366858,-0.48815249322802623,0.9047117159046183,5,6.716712120809351,20,18,1.2,2.0,0.3,True
combo_50,163,81,82,49.693251533742334,0.8662507588044489,-0.8600072043936379,1.5764522590666228,-0.31684609712589007,0.8769452126168494,6,6.7095994677144235,16,18,1.2,2.0,0.35,True
combo_212,160,79,81,49.375,0.8821267881558862,-0.7909827297822047,1.6617469209267866,-0.48815249322802623,0.9044591119066682,5,6.702282674814187,20,18,1.2,2.0,0.35,True
combo_8,163,67,96,41.104294478527606,0.8565519225876087,-0.7415181361670693,1.5647057638718147,-0.3213089948651213,1.2272982771404546,9,6.695348630048923,16,16,0.8,2.5,0.35,True
combo_120,162,74,88,45.67901234567901,0.870686657092029,-0.7422050614787004,1.6376240336384513,-0.3227126689089073,1.0354111597851157,7,6.680515972904038,18,18,1.0,2.0,0.25,True
combo_222,160,68,92,42.5,0.8506710639028037,-0.7824179405360627,1.5265105150228089,-0.3254349954853569,1.1509079099861463,7,6.662480638714387,20,20,0.8,2.5,0.25,True
combo_237,158,77,81,48.734177215189874,0.8716634656860001,-0.8580594134023704,1.6040056376437775,-0.48815249322802623,0.9169446846826753,5,6.65959367487126,20,20,1.2,2.0,0.25,True
combo_42,163,73,90,44.785276073619634,0.8577018168263958,-0.8153652720380924,1.574400386065752,-0.3227126689089073,1.0574405960873374,7,6.650534760113407,16,18,1.0,2.5,0.25,True
combo_121,162,74,88,45.67901234567901,0.8677806441706036,-0.7586557203943812,1.6378910468157255,-0.3227126689089073,1.0319553606353122,7,6.642696487877395,18,18,1.0,2.0,0.3,True
combo_122,162,74,88,45.67901234567901,0.867361170824232,-0.7605405643255945,1.6379216455675485,-0.3227126689089073,1.0314565274666545,7,6.637498134944427,18,18,1.0,2.0,0.35,True
combo_116,163,69,94,42.331288343558285,0.854518792547598,-0.7517735510815837,1.5826444307235379,-0.3213089948651213,1.1641270507170174,9,6.634012288488113,18,18,0.8,2.5,0.35,True
combo_12,163,72,91,44.171779141104295,0.8647616934760342,-0.7817196065100871,1.6272897925932048,-0.3227126689089073,1.0929626959210987,7,6.632177546318888,16,16,1.0,2.0,0.25,True
combo_238,158,77,81,48.734177215189874,0.8692141427639059,-0.8741642041012238,1.6042624455119714,-0.48815249322802623,0.9143681242061865,5,6.626534434564503,20,20,1.2,2.0,0.3,True
combo_223,160,68,92,42.5,0.8474250642426935,-0.7992144676686294,1.526765697387917,-0.3254349954853569,1.1465162633871735,7,6.621112013816786,20,20,0.8,2.5,0.3,True
combo_43,163,73,90,44.785276073619634,0.8547870088572441,-0.8318159309537733,1.5746574452113804,-0.3227126689089073,1.0538469972212599,7,6.612647232672794,16,18,1.0,2.5,0.3,True
combo_239,158,77,81,48.734177215189874,0.8689573187379095,-0.875261896887183,1.6099733418899087,-0.48815249322802623,0.9140979586723464,5,6.611995555155687,20,20,1.2,2.0,0.35,True
combo_13,163,72,91,44.171779141104295,0.8618743882230749,-0.798170265425768,1.6275552543597607,-0.3227126689089073,1.089313462893053,7,6.594548240798344,16,16,1.0,2.0,0.3,True
combo_14,163,72,91,44.171779141104295,0.8614538477748058,-0.8000551093569811,1.6275856753282656,-0.3227126689089073,1.0887819464931574,7,6.589339572413035,16,16,1.0,2.0,0.35,True
combo_44,163,73,90,44.785276073619634,0.8521562938817873,-0.8516987742233032,1.5974914057201077,-0.3227126689089073,1.0506036499912446,7,6.530730740266004,16,18,1.0,2.5,0.35,True
combo_93,162,73,89,45.06172839506173,0.8610468703409883,-0.8013855384681811,1.6962706349569014,-0.3227126689089073,1.0497694720595612,7,6.437234664261989,18,16,1.0,2.0,0.25,True
combo_231,158,71,87,44.936708860759495,0.8545688909727264,-0.848840638981288,1.6435686513064425,-0.4067937443567007,1.0471477959806645,7,6.414131287623736,20,20,1.0,2.5,0.25,True
combo_89,163,68,95,41.717791411042946,0.8448053536561044,-0.8054095811695879,1.6359647418038588,-0.3213089948651213,1.180242773490146,9,6.403419262368533,18,16,0.8,2.5,0.35,True
combo_94,162,73,89,45.06172839506173,0.8581519388205522,-0.8178361973838619,1.6965472104116168,-0.3227126689089073,1.0462400350003993,7,6.399506868690357,18,16,1.0,2.0,0.3,True
combo_95,162,73,89,45.06172839506173,0.8577279064460012,-0.8197210413150752,1.6965789049661162,-0.3227126689089073,1.0457230640232067,7,6.394260733870243,18,16,1.0,2.0,0.35,True
combo_232,158,71,87,44.936708860759495,0.8517064769004019,-0.8652912978969689,1.6438369057907638,-0.4067937443567007,1.0436403308497881,7,6.376745308474007,20,20,1.0,2.5,0.3,True
combo_48,163,80,83,49.079754601226995,0.8548004805747853,-0.9433416874575341,1.676105489968715,-0.31684609712589007,0.8868554985963398,6,6.354122982081656,16,18,1.2,2.0,0.25,True
combo_49,163,80,83,49.079754601226995,0.8522744388678972,-0.9594464781563875,1.676373817114763,-0.31684609712589007,0.8842347303254433,6,6.320273515371253,16,18,1.2,2.0,0.3,True
combo_156,161,81,80,50.31055900621118,0.861144835083779,-0.894304158751751,1.7524657670104176,-0.32207624114049394,0.8505134173666954,5,6.269364737441079,18,20,1.2,2.0,0.25,True
combo_78,162,80,82,49.382716049382715,0.8607732993017784,-0.8934849862166885,1.7620977163640497,-0.32207624114049394,0.8822926317843228,6,6.256795067181341,16,20,1.2,2.5,0.25,True
combo_267,160,81,79,50.625,0.884360796127939,-0.7733752896242513,1.9041078844110202,-0.48815249322802623,0.8625247270877429,4,6.248704547645225,22,16,1.2,2.5,0.25,True
combo_157,161,81,80,50.31055900621118,0.8585987453482148,-0.9104089494506042,1.7527459630232172,-0.32207624114049394,0.8479987608377431,5,6.23529105271041,18,20,1.2,2.0,0.3,True
combo_158,161,81,80,50.31055900621118,0.8583243305534178,-0.9115066422365927,1.7527650642755264,-0.32207624114049394,0.847727733879919,5,6.23195985586483,18,20,1.2,2.0,0.35,True
combo_15,163,72,91,44.171779141104295,0.8411240824504262,-0.9183523732513713,1.6765993528434182,-0.3227126689089073,1.0630873819859554,7,6.228865932191739,16,16,1.0,2.5,0.25,True
combo_123,162,74,88,45.67901234567901,0.8450010077451643,-0.8896300566408317,1.698213418210348,-0.3227126689089073,1.0048660632645197,7,6.22876821271053,18,18,1.0,2.5,0.25,True
combo_79,162,80,82,49.382716049382715,0.8582179332590623,-0.9095897769155417,1.7623797387064506,-0.32207624114049394,0.8796733815905389,6,6.222624966719951,16,20,1.2,2.5,0.3,True
combo_268,160,81,79,50.625,0.8819160807951153,-0.7894800803231047,1.904412040872784,-0.48815249322802623,0.8601403750964703,4,6.215596686044032,22,16,1.2,2.5,0.3,True
combo_224,160,67,93,41.875,0.830094937312648,-0.9028848586001985,1.6280371085322816,-0.3254349954853569,1.1522213308966607,7,6.1934327267618166,20,20,0.8,2.5,0.35,True
combo_16,163,72,91,44.171779141104295,0.8382297032324014,-0.9348030321670522,1.6768730984554094,-0.3227126689089073,1.059429208252063,7,6.1911493193296705,16,16,1.0,2.5,0.3,True
combo_124,162,74,88,45.67901234567901,0.8420872533880776,-0.9060807155565126,1.6984905515318758,-0.3227126689089073,1.001401058083119,7,6.190851073038767,18,18,1.0,2.5,0.3,True
combo_269,160,81,79,50.625,0.8786672443283295,-0.810627959663383,1.9299818316606079,-0.48815249322802623,0.8569717568140498,4,6.121394800130389,22,16,1.2,2.5,0.35,True
combo_80,162,80,82,49.382716049382715,0.8549868323302455,-0.935984168525858,1.7932199038390786,-0.32207624114049394,0.8763615031385017,6,6.115436431361368,16,20,1.2,2.5,0.35,True
combo_204,160,73,87,45.625,0.8485967570783993,-0.888750530570047,1.7982275864364765,-0.4067937443567007,1.0113413406276814,7,6.045137132626017,20,18,1.0,2.5,0.25,True
combo_205,160,73,87,45.625,0.8457488596480763,-0.9052011894857277,1.7985210835249665,-0.4067937443567007,1.0079472710874335,7,6.007845834687966,20,18,1.0,2.5,0.3,True
combo_96,162,73,89,45.06172839506173,0.8354846864926211,-0.9488105336303124,1.7569110764085079,-0.3227126689089073,1.018604617778675,7,5.986619445294038,18,16,1.0,2.5,0.25,True
combo_183,160,78,82,48.75,0.8560573964135502,-0.9708654664970527,1.8516722066154063,-0.48815249322802623,0.8999577757168091,5,5.971796817656163,20,16,1.2,2.0,0.25,True
combo_97,162,73,89,45.06172839506173,0.8325820877916603,-0.9652611925459933,1.7571977886656438,-0.3227126689089073,1.0150658330610653,7,5.948794704312319,18,16,1.0,2.5,0.3,True
combo_184,160,78,82,48.75,0.8536246294416165,-0.9869702571959061,1.8519686669150555,-0.48815249322802623,0.8974002514642635,5,5.938823831988103,20,16,1.2,2.0,0.3,True
combo_185,160,78,82,48.75,0.8533591193558031,-0.9880679499818652,1.8576679334659452,-0.48815249322802623,0.8971211254766134,5,5.924221351635209,20,16,1.2,2.0,0.35,True
combo_233,158,70,88,44.303797468354425,0.8342927723257932,-0.981561593322258,1.7630300858018417,-0.4067937443567007,1.0488251994952829,7,5.906086754993121,20,20,1.0,2.5,0.35,True
combo_195,161,68,93,42.2360248447205,0.8174199320528411,-0.966661635611832,1.7098480566471261,-0.3254349954853569,1.1179419658957974,7,5.881172389428243,20,18,0.8,2.5,0.25,True
combo_196,161,68,93,42.2360248447205,0.8141989048617395,-0.9834581627443986,1.7101338870208962,-0.3254349954853569,1.1135367375314966,7,5.839992193203404,20,18,0.8,2.5,0.3,True
combo_159,161,81,80,50.31055900621118,0.854341075669619,-0.9372728761640173,1.926301231150033,-0.32207624114049394,0.8437936549823398,5,5.832171856314116,18,20,1.2,2.5,0.25,True
combo_160,161,81,80,50.31055900621118,0.8517904778116389,-0.9533776668628707,1.9266091564542602,-0.32207624114049394,0.8412745459868038,5,5.7979976317764335,18,20,1.2,2.5,0.3,True
combo_17,163,71,92,43.558282208588956,0.8216728015068306,-1.045211162267544,1.7895481953191656,-0.3227126689089073,1.0647027850511044,7,5.745026043296202,16,16,1.0,2.5,0.35,True
combo_177,160,72,88,45.0,0.8357624540046015,-0.9666560733863152,1.8755086916002708,-0.4067937443567007,1.0214874437834018,7,5.723279120152316,20,16,1.0,2.5,0.25,True
combo_125,162,73,89,45.06172839506173,0.8240558846729957,-1.0256982986199437,1.8162927742270407,-0.3227126689089073,1.0046708730944742,7,5.715124148965905,18,18,1.0,2.5,0.35,True
combo_21,163,79,84,48.466257668711656,0.830941698326908,-1.1085605006302213,1.8403149433939534,-0.31684609712589007,0.8835329450564592,6,5.704506846166064,16,16,1.2,2.0,0.25,True
combo_178,160,72,88,45.0,0.8329183495568163,-0.9831067323019961,1.8758148020973926,-0.4067937443567007,1.0180113161249975,7,5.686000525222379,20,16,1.0,2.5,0.3,True
combo_22,163,79,84,48.466257668711656,0.8284313795709914,-1.1246652913290747,1.840609558774397,-0.31684609712589007,0.8808637453666237,6,5.670762032496584,16,16,1.2,2.0,0.3,True
combo_23,163,79,84,48.466257668711656,0.8281401034346164,-1.125762984115063,1.8406296430142812,-0.31684609712589007,0.8805540340317439,6,5.66726025626007,16,16,1.2,2.0,0.35,True
combo_168,161,67,94,41.61490683229814,0.8037592706046145,-1.0414411698995245,1.784259807749267,-0.3254349954853569,1.12766226025125,7,5.558352505597848,20,16,0.8,2.5,0.25,True
combo_206,160,72,88,45.0,0.8285211938540409,-1.021471484911017,1.9177082235920109,-0.4067937443567007,1.0126370147104944,7,5.539059748900879,20,18,1.0,2.5,0.35,True
combo_169,161,67,94,41.61490683229814,0.8005422725119936,-1.0582376970320913,1.7845580773210985,-0.3254349954853569,1.1231488599422002,7,5.517187721961695,20,16,0.8,2.5,0.3,True
combo_98,162,72,90,44.44444444444444,0.8147850698523983,-1.0848787756094243,1.8750005248889048,-0.3227126689089073,1.0184813373154977,7,5.475410260941462,18,16,1.0,2.5,0.35,True
combo_51,163,80,83,49.079754601226995,0.8309525099036955,-1.0972907866310997,1.9646072526456622,-0.31684609712589007,0.8621132290250841,6,5.461665200430081,16,18,1.2,2.5,0.25,True
combo_52,163,80,83,49.079754601226995,0.8284165663965112,-1.113395577329953,1.9649216864787826,-0.31684609712589007,0.8594821876363804,6,5.42762450234257,16,18,1.2,2.5,0.3,True
combo_197,161,67,94,41.61490683229814,0.7975155438390669,-1.0871285536759678,1.811408851725172,-0.3254349954853569,1.1189024047891387,7,5.418773458102341,20,18,0.8,2.5,0.35,True
combo_129,162,81,81,50.0,0.8286925032203784,-1.1159127349296905,1.9724413381071184,-0.31684609712589007,0.8286925032203784,5,5.404085988524701,18,18,1.2,2.0,0.25,True
combo_130,162,81,81,50.0,0.8261648238524063,-1.1320175256285436,1.9727567052936408,-0.31684609712589007,0.8261648238524063,5,5.37012606512251,18,18,1.2,2.0,0.3,True
combo_131,162,81,81,50.0,0.82586997006674,-1.133115218414532,1.9727782042012796,-0.31684609712589007,0.82586997006674,5,5.366585683057574,18,18,1.2,2.0,0.35,True
combo_53,163,80,83,49.079754601226995,0.8254002208737806,-1.1397899689402693,1.9957523455104487,-0.31684609712589007,0.8563527291565474,6,5.322602533246774,16,18,1.2,2.5,0.35,True
combo_161,161,80,81,49.68944099378882,0.8331973796665638,-1.0913603685774287,2.0681591233366903,-0.32207624114049394,0.8436123469123958,5,5.259975365703544,18,20,1.2,2.5,0.35,True
combo_179,160,71,89,44.375,0.815925844656358,-1.0993770277272852,1.9949989240811317,-0.4067937443567007,1.0227802841467022,7,5.219572084537674,20,16,1.0,2.5,0.35,True
combo_102,162,80,82,49.382716049382715,0.8196772502046367,-1.1806376588206478,2.036689312362734,-0.31684609712589007,0.8401691814597527,7,5.153075047910575,18,16,1.2,2.0,0.25,True
combo_103,162,80,82,49.382716049382715,0.8171595595516026,-1.196742449519501,2.037014951947471,-0.31684609712589007,0.8375885485403926,7,5.119194466861333,18,16,1.2,2.0,0.3,True
combo_104,162,80,82,49.382716049382715,0.8168597027972911,-1.1978401423054892,2.037037151135132,-0.31684609712589007,0.8372811953672235,7,5.115602654549902,18,16,1.2,2.0,0.35,True
combo_170,161,66,95,40.993788819875775,0.784090234316653,-1.1619080879636603,1.8858344843192616,-0.3254349954853569,1.1286147312133643,7,5.098279330546178,20,16,0.8,2.5,0.35,True
combo_24,163,79,84,48.466257668711656,0.8152546546689984,-1.2103449513193192,2.0769423599839394,-0.31684609712589007,0.8668530505341249,6,5.0234893510624445,16,16,1.2,2.5,0.25,True
combo_25,163,79,84,48.466257668711656,0.8127371253138084,-1.2264497420181724,2.0772747729619225,-0.31684609712589007,0.8641761838779735,6,4.989596836205152,16,16,1.2,2.5,0.3,True
combo_213,160,79,81,49.375,0.8282965433740337,-1.1523718840039654,2.225055024472271,-0.48815249322802623,0.8492660761176801,5,4.856669442793812,20,18,1.2,2.5,0.25,True
combo_214,160,79,81,49.375,0.8258430785064678,-1.1684766747028188,2.2254110336173234,-0.48815249322802623,0.8467504982154922,5,4.823370380478622,20,18,1.2,2.5,0.3,True
combo_132,162,81,81,50.0,0.8160477645031528,-1.197206666711936,2.1842654162981012,-0.31684609712589007,0.8160477645031528,5,4.813343479079356,18,18,1.2,2.5,0.25,True
combo_133,162,81,81,50.0,0.8135137814650224,-1.2133114574107895,2.184614577987847,-0.31684609712589007,0.8135137814650225,5,4.779252929969136,18,18,1.2,2.5,0.3,True
combo_240,158,77,81,48.734177215189874,0.8107496748123597,-1.2642236392722843,2.1773504908941668,-0.48815249322802623,0.8528665410363785,5,4.700683946699122,20,20,1.2,2.5,0.25,True
combo_241,158,77,81,48.734177215189874,0.8082792795183765,-1.2803284299711377,2.1776988673065327,-0.48815249322802623,0.8502678135193311,5,4.667230845585131,20,20,1.2,2.5,0.3,True
combo_105,162,80,82,49.382716049382715,0.80708876168761,-1.2619315906028934,2.2484998977601163,-0.31684609712589007,0.8272659807298003,7,4.56292202605442,18,16,1.2,2.5,0.25,True
combo_106,162,80,82,49.382716049382715,0.8045648262088017,-1.2780363813017466,2.2488593275335482,-0.31684609712589007,0.8246789468640217,7,4.528911416370048,18,16,1.2,2.5,0.3,True
combo_26,163,78,85,47.85276073619632,0.7964377434652982,-1.3533811001772265,2.2080089802127456,-0.31684609712589007,0.8679129255711584,6,4.501668924138877,16,16,1.2,2.5,0.35,True
combo_215,160,78,82,48.75,0.8089000930147338,-1.3024426312515425,2.3630867276779046,-0.48815249322802623,0.8503821490667715,5,4.311606159165757,20,18,1.2,2.5,0.35,True
combo_134,162,80,82,49.382716049382715,0.7957648076768965,-1.3512941591253185,2.32615245048085,-0.31684609712589007,0.8156589278688189,5,4.249696096244606,18,18,1.2,2.5,0.35,True
combo_242,158,76,82,48.10126582278481,0.7915331461263598,-1.4142943865198612,2.315376800002962,-0.48815249322802623,0.8540226050310725,5,4.157430667997743,20,20,1.2,2.5,0.35,True
combo_107,162,79,83,48.76543209876543,0.7870529394908969,-1.4160190830162755,2.390394188457983,-0.31684609712589007,0.8269037212372714,7,4.001731476484865,18,16,1.2,2.5,0.35,True
combo_186,160,78,82,48.75,0.7934640048216941,-1.391838940864094,2.4629260849559977,-0.48815249322802623,0.834154466607422,5,3.912868407872899,20,16,1.2,2.5,0.25,True
combo_187,160,78,82,48.75,0.7910098463799118,-1.4079437315629475,2.4633201535071967,-0.48815249322802623,0.8315744538865739,5,3.8794862910032504,20,16,1.2,2.5,0.3,True
combo_188,160,77,83,48.125,0.7746755494726522,-1.5419096881116712,2.6009846849665887,-0.48815249322802623,0.8350398780029887,5,3.3738312807375084,20,16,1.2,2.5,0.35,True
test_0,54,24,30,44.44444444444444,0.7320301089422007,-0.7514619321262144,1.341425570767146,-0.325250665659405,0.9150376361777507,10,-999.0,22,20,1.0,1.5,0.3,True
test_1,54,24,30,44.44444444444444,0.7320301089422007,-0.7514619321262144,1.341425570767146,-0.325250665659405,0.9150376361777507,10,-999.0,22,20,1.0,1.5,0.35,True
test_2,54,26,28,48.148148148148145,0.8608335931569594,-0.3570823906845035,0.9486051020412106,-0.2531154011258695,0.927051561861341,9,-999.0,16,20,1.0,1.5,0.35,True
test_3,54,24,30,44.44444444444444,0.7320301089422007,-0.7514619321262144,1.341425570767146,-0.325250665659405,0.9150376361777507,10,-999.0,22,18,1.0,1.5,0.3,True
test_4,54,24,30,44.44444444444444,0.7320301089422007,-0.7514619321262144,1.341425570767146,-0.325250665659405,0.9150376361777507,10,-999.0,22,18,1.0,1.5,0.35,True
test_5,54,24,30,44.44444444444444,0.7438836849860576,-0.7067765638538258,1.2969168539970597,-0.325250665659405,0.929854606232572,10,-999.0,20,18,1.0,1.5,0.3,True
test_6,54,24,30,44.44444444444444,0.7438836849860576,-0.7067765638538258,1.2969168539970597,-0.325250665659405,0.929854606232572,10,-999.0,20,18,1.0,1.5,0.35,True
test_7,54,25,29,46.2962962962963,0.7654872316364886,-0.6336369582758198,1.3172651474372603,-0.325250665659405,0.8879651886983267,10,-999.0,22,20,1.0,2.0,0.25,True
test_8,54,25,29,46.2962962962963,0.9240944205116427,-0.16848033121385378,0.7341702372479583,-0.252893077937988,1.0719495277935056,10,-999.0,22,20,0.8,2.0,0.25,True
test_9,54,25,29,46.2962962962963,0.7670677202579561,-0.6280698242935032,1.3117265417349906,-0.325250665659405,0.889798555499229,10,-999.0,22,20,1.0,2.0,0.3,True
