entry_time,exit_time,direction,entry_price,exit_price,sl,tp,lot,atr,pnl,exit_reason,max_favorable,max_adverse
2025-12-30 07:55:00+00:00,2025-12-30 08:01:00+00:00,BUY,4375.458,4369.7459696037295,4369.7459696037295,4386.882060792541,0.1,5.712030396270578,-57.120303962701655,SL,0.0,6.699999999999818
2025-12-30 08:20:00+00:00,2025-12-30 08:29:00+00:00,SELL,4364.714,4352.774922421932,4361.784538789034,4352.774922421932,0.1,5.969538789033834,119.39077578067554,TP,12.876999999999498,0.9059999999999491
2025-12-30 09:07:00+00:00,2025-12-30 09:22:00+00:00,BUY,4370.253,4371.018017048044,4371.018017048044,4381.066965903911,0.1,5.406982951955845,7.650170480446833,SL,6.17200000000048,0.75
2025-12-31 08:08:00+00:00,2025-12-31 08:49:00+00:00,SELL,4324.616,4313.354833157124,4319.483583421438,4313.354833157124,0.1,5.630583421438199,112.61166842876264,TP,11.451000000000022,2.9970000000002983
2025-12-31 09:07:00+00:00,2025-12-31 09:25:00+00:00,SELL,4316.5470000000005,4322.621139214554,4322.621139214554,4304.398721570892,0.1,6.074139214554135,-60.741392145537255,SL,5.660000000000764,7.632999999999811
2025-12-31 12:01:00+00:00,2025-12-31 12:30:00+00:00,SELL,4309.212,4307.821200410707,4307.821200410707,4299.761599178586,0.1,4.7252004107073775,13.907995892932377,SL,6.116000000000895,2.178999999999178
2026-01-02 07:11:00+00:00,2026-01-02 07:24:00+00:00,BUY,4375.196999999999,4371.999499015907,4371.999499015907,4381.592001968184,0.1,3.1975009840927564,-31.97500984092585,SL,2.928000000000793,3.2479999999995925
2026-01-02 07:46:00+00:00,2026-01-02 08:02:00+00:00,BUY,4377.433,4384.532290949014,4380.684354525493,4384.532290949014,0.1,3.5496454745070065,70.99290949014177,TP,7.520000000000437,1.412000000000262
2026-01-02 09:01:00+00:00,2026-01-02 09:21:00+00:00,BUY,4388.902,4384.8758008241875,4384.8758008241875,4396.954398351624,0.1,4.026199175812226,-40.261991758125085,SL,2.8040000000000873,4.881000000000313
2026-01-05 07:08:00+00:00,2026-01-05 07:47:00+00:00,BUY,4419.209,4420.360765066591,4420.360765066591,4428.713469866818,0.05,4.752234933409187,5.758825332954984,SL,5.904000000000451,2.1409999999996217
2026-01-05 07:59:00+00:00,2026-01-05 08:17:00+00:00,BUY,4421.976,4428.934063975243,4425.1169680123785,4428.934063975243,0.05,3.4790319876214024,34.79031987621511,TP,8.253999999999905,2.594999999999345
2026-01-05 08:35:00+00:00,2026-01-05 08:51:00+00:00,BUY,4426.018,4433.081294909486,4429.3433525452565,4433.081294909486,0.05,3.5316474547432017,35.31647454743052,TP,7.954999999999927,1.5100000000002183
2026-01-06 08:16:00+00:00,2026-01-06 08:25:00+00:00,BUY,4463.325,4470.612073453455,4466.608463273273,4470.612073453455,0.1,3.643536726727527,72.87073453455378,TP,8.768000000000029,0.41899999999986903
2026-01-06 08:42:00+00:00,2026-01-06 09:05:00+00:00,BUY,4466.728,4462.595667445101,4462.595667445101,4474.992665109799,0.1,4.132332554899616,-41.323325548992216,SL,2.6970000000001164,4.597999999999956
2026-01-06 12:35:00+00:00,2026-01-06 12:41:00+00:00,BUY,4462.214,4458.868184532316,4458.868184532316,4468.905630935367,0.1,3.3458154676837464,-33.458154676836784,SL,0.43000000000029104,3.4520000000002256
2026-01-07 07:16:00+00:00,2026-01-07 07:26:00+00:00,SELL,4449.173000000001,4453.848650863698,4453.848650863698,4439.821698272606,0.1,4.675650863697087,-46.756508636972285,SL,0.7770000000009532,5.786999999999352
2026-01-07 09:03:00+00:00,2026-01-07 09:07:00+00:00,BUY,4465.415999999999,4461.126120474767,4461.126120474767,4473.995759050463,0.1,4.289879525231923,-42.89879525232209,SL,0.6680000000005748,4.877999999999702
2026-01-07 12:39:00+00:00,2026-01-07 13:01:00+00:00,SELL,4451.534000000001,4448.632415417692,4448.632415417692,4441.165169164617,0.1,5.184415417691829,29.01584582308715,SL,8.08600000000024,2.5889999999990323
2026-01-08 07:44:00+00:00,2026-01-08 08:09:00+00:00,SELL,4431.429,4430.121973540542,4430.121973540542,4422.4150529189155,0.1,4.506973540542489,13.070264594580294,SL,5.814000000000306,2.6030000000000655
2026-01-08 08:19:00+00:00,2026-01-08 08:50:00+00:00,SELL,4428.778,4425.08101090916,4425.08101090916,4418.27997818168,0.1,5.24901090915998,36.96989090840361,SL,8.945999999999913,1.9269999999996799
2026-01-08 09:18:00+00:00,2026-01-08 09:31:00+00:00,SELL,4426.405000000001,4431.181172190163,4431.181172190163,4416.852655619675,0.1,4.776172190162896,-47.761721901624696,SL,0.49800000000050204,6.610999999998967
2026-01-09 07:15:00+00:00,2026-01-09 07:25:00+00:00,BUY,4472.19,4469.134035216442,4469.134035216442,4478.301929567116,0.1,3.055964783558171,-30.55964783558011,SL,0.8630000000002838,3.102999999999156
2026-01-09 07:35:00+00:00,2026-01-09 08:02:00+00:00,BUY,4470.103999999999,4467.02755705317,4467.02755705317,4476.2568858936565,0.1,3.076442946828722,-30.764429468290476,SL,3.367000000000189,3.722999999999047
2026-01-09 08:22:00+00:00,2026-01-09 08:30:00+00:00,BUY,4475.1759999999995,4471.788371971533,4471.788371971533,4481.951256056933,0.1,3.387628028466803,-33.87628028466679,SL,0.25200000000040745,3.757999999999811
2026-01-12 07:03:00+00:00,2026-01-12 07:15:00+00:00,BUY,4577.022999999999,4584.457914800391,4580.420542599803,4584.457914800391,0.05,3.7174574001962615,37.174574001960536,TP,8.273000000001048,1.6329999999989013
2026-01-12 07:29:00+00:00,2026-01-12 08:00:00+00:00,BUY,4581.634,4585.463148679518,4585.463148679518,4590.069702640964,0.05,4.217851320482057,19.14574339758929,SL,8.04699999999957,2.9849999999996726
2026-01-12 08:14:00+00:00,2026-01-12 08:44:00+00:00,BUY,4583.594999999999,4585.64413446115,4585.64413446115,4591.750731077699,0.05,4.077865538849823,10.245672305754852,SL,6.1270000000004075,4.048999999999069
2026-01-13 07:59:00+00:00,2026-01-13 08:04:00+00:00,SELL,4580.398,4584.321926897723,4584.321926897723,4572.550146204555,0.1,3.923926897722669,-39.23926897722595,SL,0.86200000000008,5.117999999999483
2026-01-13 08:18:00+00:00,2026-01-13 08:35:00+00:00,BUY,4587.2119999999995,4595.1599595506505,4589.836020224675,4595.1599595506505,0.1,3.973979775325547,79.47959550650921,TP,10.043000000000575,0.5579999999990832
2026-01-13 09:05:00+00:00,2026-01-13 09:27:00+00:00,BUY,4591.918,4588.22358748898,4588.22358748898,4599.3068250220385,0.1,3.6944125110195705,-36.94412511019436,SL,3.8530000000000655,3.8679999999994834
2026-01-14 07:01:00+00:00,2026-01-14 08:05:00+00:00,BUY,4634.58,4629.6570734399875,4629.6570734399875,4644.425853120024,0.1,4.922926560012076,-49.22926560012456,SL,5.024000000000342,8.453999999999724
2026-01-14 08:43:00+00:00,2026-01-14 08:54:00+00:00,BUY,4632.098999999999,4633.817916428553,4633.817916428553,4640.287167142893,0.1,4.094083571447004,17.189164285537117,SL,5.813000000001011,0.6239999999988868
2026-01-14 09:04:00+00:00,2026-01-14 09:32:00+00:00,BUY,4634.732999999999,4636.053249207228,4636.053249207228,4642.046501585544,0.1,3.656750792772426,13.202492072286987,SL,4.977000000000771,0.2459999999991851
2026-01-15 07:45:00+00:00,2026-01-15 08:07:00+00:00,SELL,4602.927000000001,4601.764058488727,4601.764058488727,4595.012883022548,0.1,3.957058488726573,11.62941511273857,SL,5.1200000000008,1.4589999999998327
2026-01-15 08:21:00+00:00,2026-01-15 09:37:00+00:00,SELL,4603.465,4607.591984687226,4607.591984687226,4595.21103062555,0.1,4.126984687225138,-41.26984687225559,SL,4.194000000000415,4.837999999999738
2026-01-15 12:00:00+00:00,2026-01-15 12:08:00+00:00,BUY,4620.2919999999995,4617.318524814895,4617.318524814895,4626.238950370209,0.1,2.973475185104854,-29.734751851046898,SL,0.45500000000083674,3.1439999999993233
2026-01-16 07:09:00+00:00,2026-01-16 07:43:00+00:00,BUY,4606.469,4601.967009818548,4601.967009818548,4615.472980362903,0.1,4.501990181451723,-45.01990181452129,SL,5.551000000000386,5.405999999999949
2026-01-16 07:57:00+00:00,2026-01-16 08:37:00+00:00,BUY,4608.670999999999,4604.365976961521,4604.365976961521,4617.281046076957,0.1,4.305023038478796,-43.05023038478794,SL,2.0750000000007276,4.893999999999323
2026-01-19 08:06:00+00:00,2026-01-19 08:49:00+00:00,BUY,4670.543,4666.649268322593,4666.649268322593,4678.330463354811,0.05,3.8937316774059663,-19.468658387031613,SL,3.292000000000371,4.742999999999483
2026-01-19 12:11:00+00:00,2026-01-19 12:17:00+00:00,BUY,4664.8949999999995,4671.307526879752,4666.821736560124,4671.307526879752,0.05,3.2062634398763064,32.062634398762384,TP,6.629000000000815,0.32999999999992724
2026-01-19 12:51:00+00:00,2026-01-19 13:42:00+00:00,BUY,4669.647,4666.648318088854,4666.648318088854,4675.644363822293,0.05,2.9986819111464698,-14.993409555731887,SL,4.039999999999964,3.117000000000189
2026-01-20 08:28:00+00:00,2026-01-20 08:36:00+00:00,BUY,4721.009999999999,4716.866104471358,4716.866104471358,4729.297791057281,0.1,4.143895528640959,-41.43895528641224,SL,3.736000000000786,4.8879999999990105
2026-01-20 09:20:00+00:00,2026-01-20 09:30:00+00:00,BUY,4725.025,4734.413051578612,4728.972974210695,4734.413051578612,0.1,4.6940257893060675,93.88051578612249,TP,11.200000000000728,0.7459999999991851
2026-01-20 12:05:00+00:00,2026-01-20 12:29:00+00:00,BUY,4729.866999999999,4726.379505366617,4726.379505366617,4736.8419892667625,0.1,3.4874946333818557,-34.874946333820844,SL,2.7420000000010987,3.569999999999709
2026-01-21 07:51:00+00:00,2026-01-21 08:33:00+00:00,BUY,4855.2919999999995,4861.582751611972,4861.582751611972,4871.4664967760555,0.1,8.087248388028097,62.90751611972155,SL,14.378000000000611,1.6019999999998618
2026-01-21 08:51:00+00:00,2026-01-21 08:58:00+00:00,BUY,4858.1359999999995,4852.3894112459475,4852.3894112459475,4869.6291775081045,0.1,5.7465887540523,-57.46588754052028,SL,0.0,6.059999999999491
2026-01-21 09:10:00+00:00,2026-01-21 09:26:00+00:00,BUY,4861.508,4872.165605507337,4864.043197246331,4872.165605507337,0.1,5.328802753668745,106.57605507337394,TP,11.20300000000043,3.451000000000022
2026-01-22 07:56:00+00:00,2026-01-22 08:09:00+00:00,BUY,4833.441,4829.098623113724,4829.098623113724,4842.125753772551,0.1,4.342376886275655,-43.42376886275815,SL,2.225000000000364,4.78899999999976
2026-01-22 08:20:00+00:00,2026-01-22 08:32:00+00:00,BUY,4828.054999999999,4823.593589522652,4823.593589522652,4836.977820954695,0.1,4.4614104773477035,-44.61410477347272,SL,2.535000000000764,5.411999999999352
2026-01-22 08:45:00+00:00,2026-01-22 09:11:00+00:00,BUY,4828.066,4836.345567919318,4831.279216040341,4836.345567919318,0.1,4.13978395965873,82.79567919317743,TP,8.337000000000444,2.251999999999498
2026-01-23 07:02:00+00:00,2026-01-23 07:24:00+00:00,BUY,4954.8949999999995,4955.197846035596,4955.197846035596,4963.703307928808,0.1,4.404153964403849,3.028460355963034,SL,4.707000000000335,2.9689999999991414
2026-01-23 07:34:00+00:00,2026-01-23 07:41:00+00:00,BUY,4956.474999999999,4951.977044548322,4951.977044548322,4965.470910903356,0.1,4.4979554516778775,-44.97955451677627,SL,0.4790000000002692,5.033999999999651
2026-01-23 09:46:00+00:00,2026-01-23 10:16:00+00:00,SELL,4915.995000000001,4923.782111614911,4923.782111614911,4900.42077677018,0.1,7.787111614910255,-77.87111614909918,SL,1.636000000000422,8.068999999999505
2026-01-26 07:03:00+00:00,2026-01-26 08:51:00+00:00,BUY,5081.156999999999,5087.426362313687,5087.426362313687,5102.872275372625,0.05,10.857637686312943,31.34681156843726,SL,17.127000000000407,1.0779999999995198
2026-01-26 09:14:00+00:00,2026-01-26 09:39:00+00:00,BUY,5091.351,5093.393090959122,5093.393090959122,5101.878818081757,0.05,5.263909040878668,10.21045479561053,SL,7.306000000000495,3.25
2026-01-26 12:01:00+00:00,2026-01-26 12:18:00+00:00,BUY,5092.267,5087.828494632033,5087.828494632033,5101.144010735934,0.05,4.4385053679670206,-22.19252683983541,SL,1.686000000000604,4.873999999999796
2026-01-27 07:03:00+00:00,2026-01-27 07:10:00+00:00,BUY,5086.181,5088.609060387683,5088.609060387683,5098.040879224634,0.1,5.9299396123172645,24.280603876832174,SL,8.358000000000175,1.2489999999997963
2026-01-27 07:22:00+00:00,2026-01-27 07:25:00+00:00,BUY,5090.130999999999,5083.659358256446,5083.659358256446,5103.074283487106,0.1,6.471641743553431,-64.71641743553846,SL,0.10100000000056752,7.45299999999952
2026-01-27 07:53:00+00:00,2026-01-27 08:00:00+00:00,BUY,5092.79,5086.001812908023,5086.001812908023,5106.3663741839555,0.1,6.788187091977724,-67.88187091977306,SL,0.11300000000028376,8.445999999999913
2026-01-28 08:47:00+00:00,2026-01-28 09:07:00+00:00,BUY,5284.324,5288.89928288188,5288.89928288188,5301.377434236241,0.1,8.526717118120766,45.75282881880412,SL,13.102000000000771,2.324999999999818
2026-01-28 12:21:00+00:00,2026-01-28 12:29:00+00:00,BUY,5267.378,5259.8605930736985,5259.8605930736985,5282.412813852602,0.1,7.5174069263010335,-75.17406926301192,SL,1.530999999999949,7.572999999999411
2026-01-28 12:39:00+00:00,2026-01-28 13:03:00+00:00,BUY,5270.165999999999,5284.306979565678,5277.039510217161,5284.306979565678,0.1,7.070489782839428,141.4097956567912,TP,15.585000000000946,4.699999999998909
2026-01-29 09:35:00+00:00,2026-01-29 10:00:00+00:00,BUY,5522.846,5510.760518921928,5510.760518921928,5547.016962156143,0.1,12.08548107807147,-120.85481078071099,SL,6.838000000000648,13.46599999999944
2026-01-29 12:11:00+00:00,2026-01-29 12:20:00+00:00,BUY,5525.201999999999,5530.05812477005,5530.05812477005,5544.3697504598995,0.1,9.583875229950003,48.56124770050883,SL,14.44000000000051,0.49799999999959255
2026-01-29 12:46:00+00:00,2026-01-29 13:11:00+00:00,BUY,5534.549999999999,5525.236039910128,5525.236039910128,5553.177920179742,0.1,9.313960089871397,-93.13960089871216,SL,7.895000000000437,15.279999999998836
2026-01-30 07:09:00+00:00,2026-01-30 07:37:00+00:00,SELL,5165.945000000001,5142.8748583342585,5142.8748583342585,5115.445283331484,0.1,25.24985833425857,230.70141665742088,SL,48.32000000000062,20.747999999999593
2026-01-30 07:48:00+00:00,2026-01-30 07:57:00+00:00,SELL,5147.729,5169.784066515438,5169.784066515438,5103.6188669691255,0.1,22.0550665154376,-220.55066515437832,SL,3.699000000000524,28.344999999999345
2026-01-30 08:07:00+00:00,2026-01-30 08:33:00+00:00,SELL,5151.7080000000005,5104.163852138374,5147.084073930813,5104.163852138374,0.1,23.77207393081321,475.441478616267,TP,65.50300000000061,18.85699999999906
2026-02-02 13:06:00+00:00,2026-02-02 13:15:00+00:00,BUY,4756.177,4773.69257881141,4773.69257881141,4816.553842377179,0.05,30.188421188589516,87.57789405705353,SL,47.70400000000063,1.344000000000051
2026-02-02 13:27:00+00:00,2026-02-02 13:41:00+00:00,SELL,4738.905000000001,4677.456937834379,4711.805031082811,4677.456937834379,0.05,30.724031082810967,307.2403108281105,TP,65.61300000000028,5.910999999999149
2026-02-02 13:55:00+00:00,2026-02-02 14:33:00+00:00,SELL,4711.7300000000005,4740.605427501019,4740.605427501019,4653.979144997963,0.05,28.875427501018798,-144.37713750509374,SL,31.637000000000626,37.92899999999918
2026-02-03 09:00:00+00:00,2026-02-03 09:16:00+00:00,BUY,4919.732,4906.421678078029,4906.421678078029,4946.352643843941,0.1,13.31032192197077,-133.1032192197108,SL,4.301000000000386,19.609999999999673
2026-02-03 09:45:00+00:00,2026-02-03 10:56:00+00:00,BUY,4924.6669999999995,4911.4804672147375,4911.4804672147375,4951.040065570523,0.1,13.186532785261992,-131.86532785261988,SL,5.197000000000116,16.73999999999978
2026-02-03 12:41:00+00:00,2026-02-03 13:11:00+00:00,BUY,4913.741,4918.333124313053,4918.333124313053,4938.436751373893,0.1,12.347875686946148,45.921243130533185,SL,16.9399999999996,11.412999999999556
2026-02-04 07:07:00+00:00,2026-02-04 07:29:00+00:00,BUY,5068.482999999999,5087.466311022367,5077.903344488816,5087.466311022367,0.1,9.491655511184176,189.83311022368073,TP,20.85400000000118,6.326999999999316
2026-02-04 07:40:00+00:00,2026-02-04 08:03:00+00:00,BUY,5076.128,5081.899228963669,5081.899228963669,5096.073542072662,0.1,9.97277103633151,57.71228963669274,SL,15.744000000000597,0.15799999999944703
2026-02-04 09:03:00+00:00,2026-02-04 09:12:00+00:00,BUY,5082.114,5072.717330497905,5072.717330497905,5100.907339004188,0.1,9.396669502094102,-93.96669502094484,SL,1.1480000000001382,11.480999999999767
2026-02-05 07:40:00+00:00,2026-02-05 07:52:00+00:00,SELL,4903.586,4918.838067885174,4918.838067885174,4873.081864229654,0.1,15.25206788517316,-152.5206788517335,SL,7.856999999999971,15.631999999999607
2026-02-05 08:45:00+00:00,2026-02-05 09:01:00+00:00,SELL,4916.653,4891.855607130797,4913.794696434602,4891.855607130797,0.1,12.398696434601824,247.9739286920358,TP,26.26800000000003,4.492000000000189
2026-02-05 09:40:00+00:00,2026-02-05 09:56:00+00:00,SELL,4881.326,4850.35523924038,4871.5203803798095,4850.35523924038,0.1,15.485380379809959,309.70760759620134,TP,32.05400000000009,12.711999999999534
2026-02-06 07:00:00+00:00,2026-02-06 07:25:00+00:00,SELL,4840.1720000000005,4855.539581878908,4855.539581878908,4809.436836242185,0.1,15.367581878907913,-153.67581878907913,SL,1.8740000000007058,21.38299999999981
2026-02-06 07:36:00+00:00,2026-02-06 07:59:00+00:00,BUY,4853.709,4842.2368951172,4842.2368951172,4876.653209765599,0.1,11.472104882799407,-114.72104882799614,SL,5.985999999999876,13.542999999999665
2026-02-06 08:43:00+00:00,2026-02-06 09:01:00+00:00,BUY,4858.678,4859.20101440146,4859.20101440146,4883.755971197079,0.1,12.538985598539536,5.230144014603866,SL,13.061999999999898,5.943999999999505
2026-02-09 08:14:00+00:00,2026-02-09 08:30:00+00:00,BUY,5020.022,5023.3026565056925,5023.3026565056925,5036.814686988614,0.05,8.3963434943069,16.403282528463027,SL,11.67699999999968,0.11899999999968713
2026-02-09 08:41:00+00:00,2026-02-09 09:26:00+00:00,BUY,5027.982,5020.094839428266,5020.094839428266,5043.756321143469,0.05,7.887160571734338,-39.435802858670286,SL,12.802999999999884,10.960000000000036
2026-02-09 12:04:00+00:00,2026-02-09 12:49:00+00:00,BUY,5011.831999999999,5013.931856363113,5013.931856363113,5027.556287273773,0.05,7.862143636886778,10.499281815568793,SL,9.962000000000444,2.1849999999994907
2026-02-10 07:22:00+00:00,2026-02-10 07:33:00+00:00,SELL,5022.729,5029.740270201197,5029.740270201197,5008.706459597608,0.1,7.011270201196166,-70.11270201196567,SL,3.436999999999898,9.180999999999585
2026-02-10 07:53:00+00:00,2026-02-10 08:30:00+00:00,BUY,5034.282999999999,5034.6746781256015,5034.6746781256015,5047.447643748796,0.1,6.582321874398027,3.9167812560208404,SL,6.97400000000016,5.2039999999997235
2026-02-10 08:58:00+00:00,2026-02-10 09:09:00+00:00,BUY,5043.561,5057.2408084544895,5049.067095772755,5057.2408084544895,0.1,6.839904227245119,136.7980845448983,TP,19.52900000000045,4.735999999999876
2026-02-11 07:15:00+00:00,2026-02-11 07:24:00+00:00,BUY,5062.317,5055.553403921251,5055.553403921251,5075.844192157499,0.1,6.763596078749113,-67.63596078749288,SL,3.738999999999578,8.1899999999996
2026-02-11 07:35:00+00:00,2026-02-11 07:42:00+00:00,BUY,5060.409,5053.409132985577,5053.409132985577,5074.408734028845,0.1,6.999867014422733,-69.99867014422307,SL,0.7550000000001091,7.485999999999876
2026-02-11 12:10:00+00:00,2026-02-11 12:18:00+00:00,BUY,5101.945,5093.579464228291,5093.579464228291,5118.676071543418,0.1,8.365535771709299,-83.65535771708892,SL,5.07300000000032,9.634000000000015
2026-02-12 07:00:00+00:00,2026-02-12 07:08:00+00:00,SELL,5057.529,5063.649407580222,5063.649407580222,5045.288184839557,0.1,6.120407580221623,-61.20407580221582,SL,5.608000000000175,6.838999999999942
2026-02-12 13:13:00+00:00,2026-02-12 13:26:00+00:00,BUY,5065.620999999999,5068.7668242482005,5068.7668242482005,5076.455351503598,0.1,5.417175751799317,31.458242482012793,SL,8.563000000001011,1.602999999999156
2026-02-12 14:07:00+00:00,2026-02-12 14:14:00+00:00,BUY,5071.692999999999,5064.425851854379,5064.425851854379,5086.227296291239,0.1,7.267148145620008,-72.67148145620013,SL,5.96100000000115,10.28099999999904
2026-02-13 07:00:00+00:00,2026-02-13 07:17:00+00:00,SELL,4961.049,4970.306568707591,4970.306568707591,4942.533862584817,0.1,9.257568707591254,-92.57568707591417,SL,9.940999999999804,9.57800000000043
2026-02-13 07:31:00+00:00,2026-02-13 08:14:00+00:00,BUY,4972.063999999999,4979.939289054208,4979.939289054208,4991.455421891585,0.1,9.695710945792616,78.75289054208224,SL,17.571000000000822,3.428999999999178
2026-02-13 08:25:00+00:00,2026-02-13 08:51:00+00:00,BUY,4981.606,4972.754544006604,4972.754544006604,4999.308911986791,0.1,8.85145599339548,-88.51455993395577,SL,5.2590000000000146,11.027999999999338
2026-02-16 08:18:00+00:00,2026-02-16 09:03:00+00:00,BUY,5002.857,5014.831435585502,5005.944782207249,5014.831435585502,0.05,5.987217792751019,59.87217792750926,TP,12.685999999999694,2.036000000000058
2026-02-16 09:35:00+00:00,2026-02-16 10:04:00+00:00,BUY,5011.781,5013.063547047704,5013.063547047704,5020.031905904593,0.05,4.125452952296607,6.412735238518508,SL,5.457000000000335,3.4539999999997235
2026-02-16 12:35:00+00:00,2026-02-16 12:40:00+00:00,BUY,5007.138,5002.337542080191,5002.337542080191,5016.738915839617,0.05,4.800457919808608,-24.00228959904325,SL,0.0,4.855999999999767
2026-02-17 07:14:00+00:00,2026-02-17 07:21:00+00:00,SELL,4906.486000000001,4914.115520294033,4914.115520294033,4891.226959411938,0.1,7.6295202940315425,-76.29520294031865,SL,0.8980000000010477,10.470999999999549
2026-02-17 09:18:00+00:00,2026-02-17 09:52:00+00:00,SELL,4919.187000000001,4925.4772732360325,4925.4772732360325,4906.606453527937,0.1,6.290273236031467,-62.902732360316804,SL,6.479000000001179,7.463999999999032
2026-02-17 12:42:00+00:00,2026-02-17 12:55:00+00:00,BUY,4937.206999999999,4931.078844773928,4931.078844773928,4949.463310452144,0.1,6.128155226071912,-61.28155226071613,SL,0.5580000000009022,6.639999999999418
2026-02-18 07:02:00+00:00,2026-02-18 07:14:00+00:00,BUY,4933.420999999999,4941.833971033478,4935.051514483261,4941.833971033478,0.1,4.206485516739011,84.12971033478243,TP,8.960000000000946,0.7049999999990177
2026-02-18 07:27:00+00:00,2026-02-18 07:54:00+00:00,BUY,4935.223999999999,4930.003865812059,4930.003865812059,4945.664268375878,0.1,5.220134187939515,-52.20134187939948,SL,6.710000000000946,5.409999999998945
2026-02-18 08:04:00+00:00,2026-02-18 08:25:00+00:00,SELL,4929.915,4927.392711080573,4927.392711080573,4922.133577838855,0.1,3.8907110805725194,25.222889194274106,SL,6.412999999999556,1.230000000000473
2026-02-19 08:03:00+00:00,2026-02-19 08:37:00+00:00,BUY,5009.436,5011.447266058664,5011.447266058664,5017.195467882671,0.1,3.8797339413356875,20.112660586646598,SL,5.891000000000531,3.3359999999993306
2026-02-19 08:54:00+00:00,2026-02-19 09:20:00+00:00,BUY,5016.709,5012.21583027988,5012.21583027988,5025.695339440241,0.1,4.4931697201202905,-44.93169720120023,SL,3.7520000000004075,5.1229999999995925
2026-02-19 12:16:00+00:00,2026-02-19 12:28:00+00:00,SELL,4985.808,4991.4476525088585,4991.4476525088585,4974.528694982284,0.1,5.639652508858177,-56.396525088584895,SL,1.2590000000000146,5.846000000000458
2026-02-20 07:04:00+00:00,2026-02-20 07:12:00+00:00,BUY,5021.226,5023.339534059817,5023.339534059817,5031.124931880364,0.1,4.949465940182324,21.13534059817539,SL,7.063000000000102,0.17000000000007276
2026-02-20 07:35:00+00:00,2026-02-20 07:53:00+00:00,BUY,5016.053,5010.883436485405,5010.883436485405,5026.392127029189,0.1,5.1695635145947865,-51.69563514595211,SL,2.0020000000004075,5.640000000000327
2026-02-20 08:21:00+00:00,2026-02-20 08:38:00+00:00,BUY,5013.996999999999,5025.234440272318,5019.065279863841,5025.234440272318,0.1,5.6187201361593475,112.37440272318963,TP,13.221000000000458,0.3569999999990614
2026-02-23 08:55:00+00:00,2026-02-23 09:37:00+00:00,BUY,5139.514999999999,5143.976277125358,5143.976277125358,5151.640445749284,0.05,6.06272287464206,22.306385626793602,SL,10.524000000000342,0.6049999999995634
2026-02-23 09:52:00+00:00,2026-02-23 10:06:00+00:00,BUY,5147.027999999999,5148.683906397101,5148.683906397101,5155.688187205798,0.05,4.330093602899432,8.279531985508584,SL,5.986000000000786,0.9009999999989304
2026-02-23 12:30:00+00:00,2026-02-23 12:41:00+00:00,BUY,5152.156,5160.73206144448,5154.561969277761,5160.73206144448,0.05,4.288030722239905,42.8803072223991,TP,8.710000000000036,2.6909999999998035
2026-02-24 07:00:00+00:00,2026-02-24 07:18:00+00:00,SELL,5170.64,5177.308543476234,5177.308543476234,5157.302913047533,0.1,6.668543476233572,-66.68543476233936,SL,6.617000000000189,6.832999999999629
2026-02-24 07:28:00+00:00,2026-02-24 08:04:00+00:00,BUY,5181.431,5173.484736126523,5173.484736126523,5197.323527746953,0.1,7.94626387347649,-79.4626387347671,SL,2.4060000000008586,9.797999999999774
2026-02-24 08:17:00+00:00,2026-02-24 08:28:00+00:00,SELL,5168.126,5174.862598707824,5174.862598707824,5154.652802584353,0.1,6.736598707823876,-67.3659870782376,SL,3.1260000000002037,6.873999999999796
2026-02-25 08:12:00+00:00,2026-02-25 08:40:00+00:00,BUY,5188.495999999999,5192.612165895312,5192.612165895312,5197.7156682093755,0.1,4.609834104688258,41.16165895312406,SL,8.726000000000568,1.5929999999989377
2026-02-25 09:26:00+00:00,2026-02-25 09:50:00+00:00,BUY,5187.7339999999995,5189.021424904204,5189.021424904204,5196.7111501915915,0.1,4.488575095796222,12.87424904204272,SL,5.776000000000749,2.1149999999997817
2026-02-25 12:04:00+00:00,2026-02-25 12:33:00+00:00,BUY,5180.023999999999,5181.705262299564,5181.705262299564,5191.2274754008695,0.1,5.601737700435055,16.81262299564878,SL,7.2830000000003565,0.3309999999992215
2026-02-26 07:18:00+00:00,2026-02-26 07:55:00+00:00,SELL,5188.205,5185.04243533268,5185.04243533268,5177.220129334642,0.1,5.4924353326791975,31.625646673201118,SL,8.654999999999745,1.3460000000004584
2026-02-26 08:15:00+00:00,2026-02-26 08:26:00+00:00,BUY,5189.741,5184.1133214856745,5184.1133214856745,5200.996357028652,0.1,5.627678514325849,-56.27678514325453,SL,0.8029999999998836,7.846999999999753
2026-02-26 08:53:00+00:00,2026-02-26 09:49:00+00:00,SELL,5178.379000000001,5185.042323404074,5185.042323404074,5165.052353191855,0.1,6.663323404072629,-66.63323404072798,SL,4.707000000001244,6.755999999999403
2026-02-27 08:06:00+00:00,2026-02-27 10:08:00+00:00,SELL,5179.551,5175.965398685794,5175.965398685794,5169.8602026284125,0.1,4.845398685794109,35.85601314206542,SL,8.431000000000495,3.1019999999998618
2026-03-02 08:04:00+00:00,2026-03-02 08:37:00+00:00,BUY,5405.659,5408.919915630198,5408.919915630198,5421.171168739604,0.05,7.7560843698018065,16.30457815099362,SL,11.017000000000735,3.483999999999469
2026-03-02 08:47:00+00:00,2026-03-02 08:55:00+00:00,BUY,5405.898999999999,5397.087234256747,5397.087234256747,5423.522531486505,0.05,8.811765743252415,-44.058828716260905,SL,5.220000000000255,11.84099999999944
2026-03-02 13:35:00+00:00,2026-03-02 13:45:00+00:00,BUY,5403.509999999999,5391.8742346787885,5391.8742346787885,5426.781530642421,0.05,11.635765321210714,-58.178826606053924,SL,3.6880000000010114,11.896999999999025
2026-03-03 07:00:00+00:00,2026-03-03 07:19:00+00:00,SELL,5306.649,5319.918492228623,5319.918492228623,5280.110015542754,0.1,13.269492228623198,-132.69492228622767,SL,0.4260000000003856,13.534999999999854
2026-03-03 07:29:00+00:00,2026-03-03 07:38:00+00:00,SELL,5313.383000000001,5323.698047221785,5323.698047221785,5292.752905556433,0.1,10.315047221783884,-103.1504722178397,SL,0.0,11.548999999999069
2026-03-03 07:50:00+00:00,2026-03-03 08:15:00+00:00,BUY,5327.839,5319.152272559516,5319.152272559516,5345.212454880968,0.1,8.686727440484168,-86.86727440483992,SL,7.7979999999997744,10.157000000000153
2026-03-04 07:20:00+00:00,2026-03-04 08:04:00+00:00,BUY,5167.558,5157.896549545587,5157.896549545587,5186.880900908825,0.1,9.661450454412865,-96.6145045441317,SL,8.38299999999981,10.707000000000335
2026-03-04 08:18:00+00:00,2026-03-04 08:24:00+00:00,SELL,5157.039000000001,5166.16751197373,5166.16751197373,5138.781976052542,0.1,9.128511973729687,-91.28511973729474,SL,4.744000000000597,11.488999999999578
2026-03-04 08:35:00+00:00,2026-03-04 08:54:00+00:00,BUY,5168.295,5173.365370617646,5173.365370617646,5185.988258764709,0.1,8.846629382354516,50.70370617645494,SL,13.917000000000371,1.2470000000002983
2026-03-05 07:17:00+00:00,2026-03-05 08:04:00+00:00,BUY,5163.987999999999,5155.140924411554,5155.140924411554,5181.68215117689,0.1,8.847075588445417,-88.47075588445477,SL,3.899000000000342,9.4399999999996
2026-03-05 08:39:00+00:00,2026-03-05 08:46:00+00:00,SELL,5159.784000000001,5167.944602085692,5167.944602085692,5143.462795828617,0.1,8.160602085691824,-81.60602085691609,SL,1.5730000000003201,8.338999999999032
2026-03-05 09:03:00+00:00,2026-03-05 09:08:00+00:00,BUY,5165.423,5179.756891561357,5167.281054219322,5179.756891561357,0.1,7.166945780678617,143.33891561357632,TP,14.949999999999818,2.436999999999898
2026-03-06 07:27:00+00:00,2026-03-06 07:58:00+00:00,SELL,5115.004000000001,5120.601005465204,5120.601005465204,5103.809989069594,0.1,5.597005465203606,-55.970054652034385,SL,7.1490000000012515,5.706999999999425
2026-03-06 08:12:00+00:00,2026-03-06 08:16:00+00:00,SELL,5111.6810000000005,5117.213366143562,5117.213366143562,5100.616267712877,0.1,5.532366143561772,-55.32366143561376,SL,1.1770000000005894,5.949999999999818
2026-03-06 08:48:00+00:00,2026-03-06 09:09:00+00:00,SELL,5111.076,5098.268808697638,5105.552595651181,5098.268808697638,0.1,6.403595651181021,128.07191302362298,TP,13.381000000000313,0.6109999999998763
2026-03-09 07:12:00+00:00,2026-03-09 08:02:00+00:00,SELL,5098.569,5107.5298833820025,5107.5298833820025,5080.647233235996,0.05,8.960883382001917,-44.80441691001034,SL,5.15900000000056,9.585000000000036
2026-03-09 08:19:00+00:00,2026-03-09 08:34:00+00:00,SELL,5100.848,5095.501624082751,5095.501624082751,5084.192751834497,0.05,8.327624082751104,26.73187958624567,SL,13.673999999999978,0.3419999999996435
2026-03-09 09:03:00+00:00,2026-03-09 09:08:00+00:00,SELL,5099.325000000001,5107.592676556686,5107.592676556686,5082.78964688663,0.05,8.267676556685073,-41.3383827834241,SL,4.386000000000422,9.435999999999694
2026-03-10 07:03:00+00:00,2026-03-10 07:09:00+00:00,BUY,5176.128,5171.749955433831,5171.749955433831,5184.884089132338,0.1,4.3780445661690095,-43.78044566168683,SL,2.9200000000000728,4.540999999999258
2026-03-10 07:40:00+00:00,2026-03-10 08:22:00+00:00,BUY,5175.913,5177.880645130851,5177.880645130851,5188.421709738297,0.1,6.254354869148854,19.676451308514515,SL,9.294000000000779,2.337999999999738
2026-03-10 08:58:00+00:00,2026-03-10 10:01:00+00:00,BUY,5185.835,5179.746659269851,5179.746659269851,5198.011681460298,0.1,6.088340730148814,-60.88340730148958,SL,3.4290000000000873,6.618999999999687
2026-03-11 07:08:00+00:00,2026-03-11 07:37:00+00:00,SELL,5198.627,5188.250322886073,5194.669338556963,5188.250322886073,0.1,5.188338556963661,103.76677113927144,TP,13.246000000000095,1.2819999999992433
2026-03-11 09:19:00+00:00,2026-03-11 09:32:00+00:00,SELL,5185.8,5191.14994133828,5191.14994133828,5175.100117323441,0.1,5.349941338279632,-53.49941338279678,SL,0.5910000000003492,7.585000000000036
2026-03-11 09:46:00+00:00,2026-03-11 09:52:00+00:00,BUY,5193.772999999999,5188.933673913759,5188.933673913759,5203.45165217248,0.1,4.839326086240419,-48.39326086240362,SL,0.0,5.935999999998785
2026-03-12 08:49:00+00:00,2026-03-12 09:21:00+00:00,BUY,5179.7519999999995,5175.056260681066,5175.056260681066,5189.143478637866,0.1,4.695739318933032,-46.957393189331924,SL,1.5390000000006694,5.300999999999476
2026-03-12 12:45:00+00:00,2026-03-12 12:58:00+00:00,BUY,5175.656999999999,5179.912413514469,5179.912413514469,5186.942172971062,0.1,5.64258648553123,42.55413514470092,SL,9.898000000001048,0.9579999999996289
2026-03-12 13:08:00+00:00,2026-03-12 13:16:00+00:00,BUY,5181.445,5175.468266160726,5175.468266160726,5193.398467678548,0.1,5.976733839274144,-59.767338392739475,SL,4.344000000000051,6.302999999999884
2026-03-13 07:39:00+00:00,2026-03-13 08:02:00+00:00,SELL,5088.137000000001,5074.396889104186,5084.723055447907,5074.396889104186,0.1,6.870055447907294,137.40110895814723,TP,14.106000000000677,4.542999999999665
2026-03-13 08:42:00+00:00,2026-03-13 08:51:00+00:00,SELL,5078.861000000001,5086.601617379436,5086.601617379436,5063.379765241131,0.1,7.740617379434958,-77.40617379435207,SL,3.0120000000006257,8.198999999999614
2026-03-13 09:53:00+00:00,2026-03-13 10:16:00+00:00,SELL,5090.59,5096.466598130272,5096.466598130272,5078.836803739456,0.1,5.876598130272307,-58.76598130272214,SL,4.770000000000437,5.942000000000007
2026-03-16 07:03:00+00:00,2026-03-16 07:15:00+00:00,SELL,5013.906,5000.883055819354,5020.417472090323,5000.883055819354,0.05,6.511472090323129,65.11472090322968,TP,13.125,2.4049999999997453
2026-03-16 08:26:00+00:00,2026-03-16 08:49:00+00:00,SELL,4996.916,4992.8081077401075,4992.8081077401075,4980.7837845197855,0.05,8.066107740107553,20.53946129946326,SL,12.173999999999978,3.9030000000002474
2026-03-16 12:00:00+00:00,2026-03-16 12:06:00+00:00,SELL,4994.941000000001,5002.5163551119595,5002.5163551119595,4979.790289776083,0.05,7.575355111958808,-37.87677555979372,SL,0.0,8.430999999999585
2026-03-17 07:03:00+00:00,2026-03-17 07:27:00+00:00,SELL,5012.434,5017.808581857386,5017.808581857386,5001.684836285227,0.1,5.374581857386552,-53.74581857386147,SL,3.6220000000002983,6.25
2026-03-17 07:56:00+00:00,2026-03-17 08:22:00+00:00,BUY,5021.947999999999,5024.502791154438,5024.502791154438,5032.198417691125,0.1,5.125208845562491,25.547911544381353,SL,7.680000000000291,2.9489999999996144
2026-03-17 08:47:00+00:00,2026-03-17 09:07:00+00:00,BUY,5022.330999999999,5016.868311594114,5016.868311594114,5033.25637681177,0.1,5.462688405885073,-54.626884058852745,SL,3.665000000000873,5.67699999999877
2026-03-18 07:23:00+00:00,2026-03-18 07:36:00+00:00,BUY,5008.209,5004.681390152586,5004.681390152586,5015.264219694828,0.1,3.5276098474143094,-35.27609847414169,SL,1.5430000000005748,3.5559999999995853
2026-03-18 09:06:00+00:00,2026-03-18 09:20:00+00:00,SELL,4990.236000000001,4989.3612000093,4989.3612000093,4980.897599981402,0.1,4.669200009299437,8.747999907009216,SL,5.5440000000007785,3.2049999999990177
2026-03-18 09:39:00+00:00,2026-03-18 10:13:00+00:00,SELL,4993.195000000001,4991.373094708296,4991.373094708296,4984.776810583408,0.1,4.209094708296063,18.21905291704752,SL,6.031000000000859,2.021999999999025
2026-03-19 09:24:00+00:00,2026-03-19 10:20:00+00:00,SELL,4710.438,4674.925362119382,4706.092318940309,4674.925362119382,0.1,17.756318940309015,355.1263788061806,TP,39.60900000000038,15.556999999999789
2026-03-19 13:30:00+00:00,2026-03-19 13:54:00+00:00,SELL,4569.171,4597.248301954967,4597.248301954967,4513.016396090065,0.1,28.077301954967375,-280.77301954966975,SL,30.42200000000048,29.465000000000146
2026-03-19 15:26:00+00:00,2026-03-19 15:50:00+00:00,SELL,4598.179,4586.354501068464,4586.354501068464,4557.665997863072,0.1,20.25650106846379,118.24498931536256,SL,32.08100000000013,7.270999999999731
2026-03-20 07:09:00+00:00,2026-03-20 07:37:00+00:00,SELL,4681.775000000001,4692.00390085543,4692.00390085543,4661.31719828914,0.1,10.22890085543021,-102.28900855429856,SL,6.175000000000182,10.47399999999925
2026-03-20 08:34:00+00:00,2026-03-20 08:45:00+00:00,BUY,4708.572999999999,4698.127563268505,4698.127563268505,4729.46387346299,0.1,10.445436731495107,-104.45436731494738,SL,0.9970000000002983,15.656999999999243
2026-03-20 08:58:00+00:00,2026-03-20 09:46:00+00:00,SELL,4691.076,4669.257751597441,4681.68512420128,4669.257751597441,0.1,10.90912420127981,218.1824840255922,TP,22.899000000000342,9.327000000000226
2026-03-23 07:42:00+00:00,2026-03-23 07:48:00+00:00,SELL,4190.435,4229.145183682345,4229.145183682345,4113.01463263531,0.05,38.71018368234525,-193.55091841172452,SL,0.693000000000211,42.4399999999996
2026-03-23 09:42:00+00:00,2026-03-23 10:02:00+00:00,SELL,4231.5960000000005,4257.386531001287,4257.386531001287,4180.014937997428,0.05,25.79053100128618,-128.9526550064329,SL,8.154000000000451,27.506999999999607
2026-03-23 12:03:00+00:00,2026-03-23 12:42:00+00:00,BUY,4361.48,4440.307379913492,4392.8013100432545,4440.307379913492,0.05,39.413689956746104,394.1368995674611,TP,80.36000000000058,24.685999999999694
2026-03-24 07:41:00+00:00,2026-03-24 07:53:00+00:00,BUY,4406.862,4431.633880073466,4417.7090599632675,4431.633880073466,0.1,12.385940036732993,247.71880073465584,TP,25.6220000000003,7.041000000000167
2026-03-24 08:05:00+00:00,2026-03-24 08:20:00+00:00,BUY,4412.199,4398.758206705436,4398.758206705436,4439.080586589125,0.1,13.44079329456283,-134.40793294563264,SL,8.756000000000313,17.97699999999986
2026-03-24 08:39:00+00:00,2026-03-24 08:49:00+00:00,SELL,4397.424,4409.566748226312,4409.566748226312,4373.138503547376,0.1,12.142748226311966,-121.42748226311598,SL,1.318000000000211,13.546000000000276
2026-03-25 07:10:00+00:00,2026-03-25 07:23:00+00:00,BUY,4553.445,4556.238728134498,4556.238728134498,4567.625543731003,0.1,7.090271865501563,27.937281344984516,SL,9.884000000000015,3.9609999999993306
2026-03-25 07:38:00+00:00,2026-03-25 07:57:00+00:00,BUY,4546.142,4538.33038449283,4538.33038449283,4561.765231014341,0.1,7.8116155071705355,-78.11615507170245,SL,6.298999999999978,8.43499999999949
2026-03-25 08:10:00+00:00,2026-03-25 08:36:00+00:00,BUY,4557.525,4558.808352815365,4558.808352815365,4575.368294369268,0.1,8.921647184634374,12.833528153651061,SL,10.204999999999927,4.359999999999673
2026-03-26 07:01:00+00:00,2026-03-26 07:23:00+00:00,SELL,4453.7880000000005,4450.388378328734,4450.388378328734,4430.565243342534,0.1,11.611378328733405,33.996216712666865,SL,15.011000000000422,6.8969999999999345
2026-03-26 08:02:00+00:00,2026-03-26 08:17:00+00:00,SELL,4451.204000000001,4443.942019764456,4443.942019764456,4431.595960471089,0.1,9.804019764455818,72.61980235544799,SL,17.066000000000713,6.207999999999629
2026-03-26 09:07:00+00:00,2026-03-26 10:22:00+00:00,SELL,4426.659000000001,4440.513978021549,4440.513978021549,4398.9490439569045,0.1,13.854978021547975,-138.5497802154805,SL,12.314000000000306,16.23199999999906
2026-03-27 07:07:00+00:00,2026-03-27 08:01:00+00:00,SELL,4452.8060000000005,4450.827622744287,4450.827622744287,4436.398754511427,0.1,8.203622744286857,19.783772557138946,SL,10.182000000000698,5.4979999999995925
2026-03-27 09:20:00+00:00,2026-03-27 09:32:00+00:00,SELL,4430.089,4437.433991129227,4437.433991129227,4415.399017741545,0.1,7.344991129227372,-73.4499112922731,SL,0.02400000000034197,8.292000000000371
2026-03-27 09:45:00+00:00,2026-03-27 10:26:00+00:00,SELL,4430.438,4429.7086277390545,4429.7086277390545,4418.368744521892,0.1,6.034627739054193,7.293722609456381,SL,6.764000000000124,2.5590000000001965
2026-03-30 07:05:00+00:00,2026-03-30 07:34:00+00:00,BUY,4526.525,4517.749644485251,4517.749644485251,4544.075711029496,0.05,8.775355514748359,-43.87677757374149,SL,8.385000000000218,10.740999999999985
2026-03-30 07:55:00+00:00,2026-03-30 08:23:00+00:00,BUY,4527.588,4530.240500387805,4530.240500387805,4541.482999224391,0.05,6.947499612195719,13.262501939025242,SL,9.600000000000364,2.800999999999476
2026-03-30 08:38:00+00:00,2026-03-30 09:12:00+00:00,BUY,4535.750999999999,4528.675475651812,4528.675475651812,4549.902048696374,0.05,7.075524348187021,-35.377621740935865,SL,4.9190000000007785,7.822999999999411
2026-03-31 07:42:00+00:00,2026-03-31 08:08:00+00:00,BUY,4557.937999999999,4572.004807126778,4564.35359643661,4572.004807126778,0.1,7.03340356338963,140.66807126779167,TP,15.22400000000107,1.0709999999990032
2026-03-31 12:18:00+00:00,2026-03-31 13:03:00+00:00,BUY,4579.442,4568.352990291355,4568.352990291355,4601.620019417289,0.1,11.08900970864454,-110.89009708644882,SL,10.440999999999804,11.61700000000019
2026-03-31 13:14:00+00:00,2026-03-31 13:31:00+00:00,BUY,4581.419,4571.993955764618,4571.993955764618,4600.269088470765,0.1,9.425044235382645,-94.25044235382303,SL,6.488000000000284,10.091999999999643
2026-04-01 07:18:00+00:00,2026-04-01 07:33:00+00:00,BUY,4716.009,4732.1167519525825,4722.109124023708,4732.1167519525825,0.1,8.05387597629111,161.07751952582475,TP,20.233000000000175,0.8739999999997963
2026-04-01 07:56:00+00:00,2026-04-01 08:11:00+00:00,BUY,4713.348,4715.700548106586,4715.700548106586,4734.270903786829,0.1,10.461451893414452,23.525481065862554,SL,12.814000000000306,3.005000000000109
2026-04-01 08:24:00+00:00,2026-04-01 08:41:00+00:00,BUY,4728.576999999999,4730.791494635902,4730.791494635902,4747.756010728194,0.1,9.589505364097636,22.144946359030655,SL,11.804000000000997,2.2859999999991487
2026-04-02 08:47:00+00:00,2026-04-02 09:11:00+00:00,SELL,4628.829000000001,4622.442342701592,4622.442342701592,4609.964314596817,0.1,9.432342701591994,63.86657298408864,SL,15.819000000000415,4.4979999999995925
2026-04-02 09:23:00+00:00,2026-04-02 09:40:00+00:00,SELL,4627.698,4624.4838883524335,4624.4838883524335,4609.422223295132,0.1,9.137888352434008,32.14111647566824,SL,12.430000000000291,1.8999999999996362
2026-04-02 09:56:00+00:00,2026-04-02 10:05:00+00:00,SELL,4622.908,4631.33898037489,4631.33898037489,4606.046039250223,0.1,8.430980374889012,-84.30980374889259,SL,4.602000000000771,12.411999999999352
2026-04-06 07:11:00+00:00,2026-04-06 07:30:00+00:00,SELL,4652.977000000001,4652.0935486074695,4652.0935486074695,4638.673902785063,0.05,7.151548607469239,4.417256962656211,SL,8.035000000000764,2.7809999999990396
2026-04-06 07:41:00+00:00,2026-04-06 07:50:00+00:00,BUY,4659.277999999999,4672.73594226541,4665.140028867295,4672.73594226541,0.05,6.728971132705103,67.28971132705284,TP,17.640000000000327,0.15799999999944703
2026-04-06 09:51:00+00:00,2026-04-06 09:54:00+00:00,BUY,4698.862,4693.415256939644,4693.415256939644,4709.755486120713,0.05,5.446743060356154,-27.233715301781558,SL,0.7139999999999418,7.244999999999891
2026-04-07 07:09:00+00:00,2026-04-07 07:23:00+00:00,BUY,4654.2339999999995,4648.164061423779,4648.164061423779,4666.373877152441,0.1,6.0699385762211415,-60.69938576220921,SL,2.848000000000866,8.654999999999745
2026-04-07 07:40:00+00:00,2026-04-07 08:02:00+00:00,SELL,4644.584000000001,4651.087938648231,4651.087938648231,4631.57612270354,0.1,6.503938648230268,-65.03938648230361,SL,5.7060000000010405,15.54699999999957
2026-04-07 09:34:00+00:00,2026-04-07 09:39:00+00:00,BUY,4683.312,4675.262078714866,4675.262078714866,4699.411842570266,0.1,8.049921285133271,-80.4992128513368,SL,1.0320000000001528,8.721999999999753
2026-04-08 08:01:00+00:00,2026-04-08 08:25:00+00:00,BUY,4813.036,4805.738861997351,4805.738861997351,4827.6302760052995,0.1,7.297138002649553,-72.97138002649262,SL,6.904999999999745,11.788000000000466
2026-04-08 12:11:00+00:00,2026-04-08 12:19:00+00:00,BUY,4800.834,4793.341670369875,4793.341670369875,4815.81865926025,0.1,7.492329630124811,-74.92329630124914,SL,6.269000000000233,8.358000000000175
2026-04-08 12:37:00+00:00,2026-04-08 13:31:00+00:00,BUY,4796.244,4785.721927520187,4785.721927520187,4817.288144959626,0.1,10.522072479813012,-105.22072479812779,SL,10.418000000000575,17.256999999999607
2026-04-09 07:21:00+00:00,2026-04-09 07:34:00+00:00,SELL,4713.356000000001,4721.303855730957,4721.303855730957,4697.460288538086,0.1,7.947855730957052,-79.4785573095669,SL,7.684000000001106,9.011999999999716
2026-04-09 07:50:00+00:00,2026-04-09 07:58:00+00:00,SELL,4712.533,4721.021891691798,4721.021891691798,4695.555216616404,0.1,8.488891691797923,-84.88891691798017,SL,0.8630000000002838,9.047999999999774
2026-04-09 08:10:00+00:00,2026-04-09 08:59:00+00:00,BUY,4725.173,4726.108753094135,4726.108753094135,4739.3694938117305,0.1,7.098246905865416,9.357530941351797,SL,8.03400000000056,4.996000000000095
2026-04-10 07:21:00+00:00,2026-04-10 07:38:00+00:00,SELL,4751.404,4756.997845448239,4756.997845448239,4740.216309103524,0.1,5.593845448238411,-55.93845448238426,SL,0.15800000000035652,5.8989999999994325
2026-04-10 07:57:00+00:00,2026-04-10 08:21:00+00:00,SELL,4749.928000000001,4746.632122274357,4746.632122274357,4740.987755451287,0.1,4.470122274356797,32.9587772564355,SL,7.766000000000531,3.313999999999396
2026-04-10 08:34:00+00:00,2026-04-10 08:47:00+00:00,SELL,4749.952,4740.810366609915,4745.5078166950425,4740.810366609915,0.1,4.5708166950426525,91.4163339008519,TP,16.918000000000575,2.2839999999996508
2026-04-13 07:10:00+00:00,2026-04-13 07:55:00+00:00,BUY,4729.710999999999,4733.8041103932765,4733.8041103932765,4742.242779213447,0.05,6.265889606723549,20.465551966385647,SL,10.359000000000378,4.708999999998923
2026-04-13 08:07:00+00:00,2026-04-13 08:40:00+00:00,BUY,4734.625999999999,4728.960795641652,4728.960795641652,4745.956408716694,0.05,5.6652043583472205,-28.32602179173591,SL,1.5170000000007349,8.458999999998923
2026-04-13 08:50:00+00:00,2026-04-13 09:29:00+00:00,SELL,4726.158,4714.394402744952,4721.932798627525,4714.394402744952,0.05,5.88179862752423,58.81798627524404,TP,12.221000000000458,2.5059999999994034
