time,balance,pnl,direction,reason
2025-12-30 08:01:00+00:00,99942.8796960373,-57.120303962701655,BUY,SL
2025-12-30 08:29:00+00:00,100062.27047181797,119.39077578067554,SELL,TP
2025-12-30 09:22:00+00:00,100069.92064229843,7.650170480446833,BUY,SL
2025-12-31 08:49:00+00:00,100182.5323107272,112.61166842876264,SELL,TP
2025-12-31 09:25:00+00:00,100121.79091858165,-60.741392145537255,SELL,SL
2025-12-31 12:30:00+00:00,100135.69891447459,13.907995892932377,SELL,SL
2026-01-02 07:24:00+00:00,100103.72390463366,-31.97500984092585,BUY,SL
2026-01-02 08:02:00+00:00,100174.7168141238,70.99290949014177,BUY,TP
2026-01-02 09:21:00+00:00,100134.45482236567,-40.261991758125085,BUY,SL
2026-01-05 07:47:00+00:00,100140.21364769863,5.758825332954984,BUY,SL
2026-01-05 08:17:00+00:00,100175.00396757486,34.79031987621511,BUY,TP
2026-01-05 08:51:00+00:00,100210.32044212229,35.31647454743052,BUY,TP
2026-01-06 08:25:00+00:00,100283.19117665684,72.87073453455378,BUY,TP
2026-01-06 09:05:00+00:00,100241.86785110785,-41.323325548992216,BUY,SL
2026-01-06 12:41:00+00:00,100208.40969643102,-33.458154676836784,BUY,SL
2026-01-07 07:26:00+00:00,100161.65318779404,-46.756508636972285,SELL,SL
2026-01-07 09:07:00+00:00,100118.75439254173,-42.89879525232209,BUY,SL
2026-01-07 13:01:00+00:00,100147.77023836481,29.01584582308715,SELL,SL
2026-01-08 08:09:00+00:00,100160.8405029594,13.070264594580294,SELL,SL
2026-01-08 08:50:00+00:00,100197.81039386781,36.96989090840361,SELL,SL
2026-01-08 09:31:00+00:00,100150.04867196619,-47.761721901624696,SELL,SL
2026-01-09 07:25:00+00:00,100119.4890241306,-30.55964783558011,BUY,SL
2026-01-09 08:02:00+00:00,100088.7245946623,-30.764429468290476,BUY,SL
2026-01-09 08:30:00+00:00,100054.84831437764,-33.87628028466679,BUY,SL
2026-01-12 07:15:00+00:00,100092.0228883796,37.174574001960536,BUY,TP
2026-01-12 08:00:00+00:00,100111.16863177718,19.14574339758929,BUY,SL
2026-01-12 08:44:00+00:00,100121.41430408294,10.245672305754852,BUY,SL
2026-01-13 08:04:00+00:00,100082.17503510571,-39.23926897722595,SELL,SL
2026-01-13 08:35:00+00:00,100161.65463061222,79.47959550650921,BUY,TP
2026-01-13 09:27:00+00:00,100124.71050550202,-36.94412511019436,BUY,SL
2026-01-14 08:05:00+00:00,100075.4812399019,-49.22926560012456,BUY,SL
2026-01-14 08:54:00+00:00,100092.67040418743,17.189164285537117,BUY,SL
2026-01-14 09:32:00+00:00,100105.87289625972,13.202492072286987,BUY,SL
2026-01-15 08:07:00+00:00,100117.50231137246,11.62941511273857,SELL,SL
2026-01-15 09:37:00+00:00,100076.23246450021,-41.26984687225559,SELL,SL
2026-01-15 12:08:00+00:00,100046.49771264916,-29.734751851046898,BUY,SL
2026-01-16 07:43:00+00:00,100001.47781083464,-45.01990181452129,BUY,SL
2026-01-16 08:37:00+00:00,99958.42758044985,-43.05023038478794,BUY,SL
2026-01-19 08:49:00+00:00,99938.95892206281,-19.468658387031613,BUY,SL
2026-01-19 12:17:00+00:00,99971.02155646158,32.062634398762384,BUY,TP
2026-01-19 13:42:00+00:00,99956.02814690585,-14.993409555731887,BUY,SL
2026-01-20 08:36:00+00:00,99914.58919161944,-41.43895528641224,BUY,SL
2026-01-20 09:30:00+00:00,100008.46970740556,93.88051578612249,BUY,TP
2026-01-20 12:29:00+00:00,99973.59476107174,-34.874946333820844,BUY,SL
2026-01-21 08:33:00+00:00,100036.50227719147,62.90751611972155,BUY,SL
2026-01-21 08:58:00+00:00,99979.03638965095,-57.46588754052028,BUY,SL
2026-01-21 09:26:00+00:00,100085.61244472432,106.57605507337394,BUY,TP
2026-01-22 08:09:00+00:00,100042.18867586156,-43.42376886275815,BUY,SL
2026-01-22 08:32:00+00:00,99997.57457108809,-44.61410477347272,BUY,SL
2026-01-22 09:11:00+00:00,100080.37025028127,82.79567919317743,BUY,TP
2026-01-23 07:24:00+00:00,100083.39871063724,3.028460355963034,BUY,SL
2026-01-23 07:41:00+00:00,100038.41915612046,-44.97955451677627,BUY,SL
2026-01-23 10:16:00+00:00,99960.54803997137,-77.87111614909918,SELL,SL
2026-01-26 08:51:00+00:00,99991.89485153981,31.34681156843726,BUY,SL
2026-01-26 09:39:00+00:00,100002.10530633542,10.21045479561053,BUY,SL
2026-01-26 12:18:00+00:00,99979.91277949559,-22.19252683983541,BUY,SL
2026-01-27 07:10:00+00:00,100004.19338337242,24.280603876832174,BUY,SL
2026-01-27 07:25:00+00:00,99939.47696593688,-64.71641743553846,BUY,SL
2026-01-27 08:00:00+00:00,99871.59509501711,-67.88187091977306,BUY,SL
2026-01-28 09:07:00+00:00,99917.34792383591,45.75282881880412,BUY,SL
2026-01-28 12:29:00+00:00,99842.1738545729,-75.17406926301192,BUY,SL
2026-01-28 13:03:00+00:00,99983.58365022969,141.4097956567912,BUY,TP
2026-01-29 10:00:00+00:00,99862.72883944897,-120.85481078071099,BUY,SL
2026-01-29 12:20:00+00:00,99911.29008714948,48.56124770050883,BUY,SL
2026-01-29 13:11:00+00:00,99818.15048625077,-93.13960089871216,BUY,SL
2026-01-30 07:37:00+00:00,100048.8519029082,230.70141665742088,SELL,SL
2026-01-30 07:57:00+00:00,99828.30123775381,-220.55066515437832,SELL,SL
2026-01-30 08:33:00+00:00,100303.74271637008,475.441478616267,SELL,TP
2026-02-02 13:15:00+00:00,100391.32061042714,87.57789405705353,BUY,SL
2026-02-02 13:41:00+00:00,100698.56092125525,307.2403108281105,SELL,TP
2026-02-02 14:33:00+00:00,100554.18378375015,-144.37713750509374,SELL,SL
2026-02-03 09:16:00+00:00,100421.08056453044,-133.1032192197108,BUY,SL
2026-02-03 10:56:00+00:00,100289.21523667782,-131.86532785261988,BUY,SL
2026-02-03 13:11:00+00:00,100335.13647980835,45.921243130533185,BUY,SL
2026-02-04 07:29:00+00:00,100524.96959003204,189.83311022368073,BUY,TP
2026-02-04 08:03:00+00:00,100582.68187966873,57.71228963669274,BUY,SL
2026-02-04 09:12:00+00:00,100488.71518464778,-93.96669502094484,BUY,SL
2026-02-05 07:52:00+00:00,100336.19450579604,-152.5206788517335,SELL,SL
2026-02-05 09:01:00+00:00,100584.16843448808,247.9739286920358,SELL,TP
2026-02-05 09:56:00+00:00,100893.87604208427,309.70760759620134,SELL,TP
2026-02-06 07:25:00+00:00,100740.20022329519,-153.67581878907913,SELL,SL
2026-02-06 07:59:00+00:00,100625.4791744672,-114.72104882799614,BUY,SL
2026-02-06 09:01:00+00:00,100630.7093184818,5.230144014603866,BUY,SL
2026-02-09 08:30:00+00:00,100647.11260101026,16.403282528463027,BUY,SL
2026-02-09 09:26:00+00:00,100607.67679815159,-39.435802858670286,BUY,SL
2026-02-09 12:49:00+00:00,100618.17607996716,10.499281815568793,BUY,SL
2026-02-10 07:33:00+00:00,100548.0633779552,-70.11270201196567,SELL,SL
2026-02-10 08:30:00+00:00,100551.98015921122,3.9167812560208404,BUY,SL
2026-02-10 09:09:00+00:00,100688.77824375613,136.7980845448983,BUY,TP
2026-02-11 07:24:00+00:00,100621.14228296863,-67.63596078749288,BUY,SL
2026-02-11 07:42:00+00:00,100551.14361282441,-69.99867014422307,BUY,SL
2026-02-11 12:18:00+00:00,100467.48825510732,-83.65535771708892,BUY,SL
2026-02-12 07:08:00+00:00,100406.2841793051,-61.20407580221582,SELL,SL
2026-02-12 13:26:00+00:00,100437.74242178712,31.458242482012793,BUY,SL
2026-02-12 14:14:00+00:00,100365.07094033092,-72.67148145620013,BUY,SL
2026-02-13 07:17:00+00:00,100272.49525325501,-92.57568707591417,SELL,SL
2026-02-13 08:14:00+00:00,100351.24814379709,78.75289054208224,BUY,SL
2026-02-13 08:51:00+00:00,100262.73358386313,-88.51455993395577,BUY,SL
2026-02-16 09:03:00+00:00,100322.60576179063,59.87217792750926,BUY,TP
2026-02-16 10:04:00+00:00,100329.01849702914,6.412735238518508,BUY,SL
2026-02-16 12:40:00+00:00,100305.0162074301,-24.00228959904325,BUY,SL
2026-02-17 07:21:00+00:00,100228.72100448978,-76.29520294031865,SELL,SL
2026-02-17 09:52:00+00:00,100165.81827212946,-62.902732360316804,SELL,SL
2026-02-17 12:55:00+00:00,100104.53671986875,-61.28155226071613,BUY,SL
2026-02-18 07:14:00+00:00,100188.66643020354,84.12971033478243,BUY,TP
2026-02-18 07:54:00+00:00,100136.46508832414,-52.20134187939948,BUY,SL
2026-02-18 08:25:00+00:00,100161.68797751842,25.222889194274106,SELL,SL
2026-02-19 08:37:00+00:00,100181.80063810507,20.112660586646598,BUY,SL
2026-02-19 09:20:00+00:00,100136.86894090386,-44.93169720120023,BUY,SL
2026-02-19 12:28:00+00:00,100080.47241581528,-56.396525088584895,SELL,SL
2026-02-20 07:12:00+00:00,100101.60775641346,21.13534059817539,BUY,SL
2026-02-20 07:53:00+00:00,100049.91212126751,-51.69563514595211,BUY,SL
2026-02-20 08:38:00+00:00,100162.2865239907,112.37440272318963,BUY,TP
2026-02-23 09:37:00+00:00,100184.5929096175,22.306385626793602,BUY,SL
2026-02-23 10:06:00+00:00,100192.872441603,8.279531985508584,BUY,SL
2026-02-23 12:41:00+00:00,100235.7527488254,42.8803072223991,BUY,TP
2026-02-24 07:18:00+00:00,100169.06731406305,-66.68543476233936,SELL,SL
2026-02-24 08:04:00+00:00,100089.60467532829,-79.4626387347671,BUY,SL
2026-02-24 08:28:00+00:00,100022.23868825004,-67.3659870782376,SELL,SL
2026-02-25 08:40:00+00:00,100063.40034720316,41.16165895312406,BUY,SL
2026-02-25 09:50:00+00:00,100076.2745962452,12.87424904204272,BUY,SL
2026-02-25 12:33:00+00:00,100093.08721924086,16.81262299564878,BUY,SL
2026-02-26 07:55:00+00:00,100124.71286591406,31.625646673201118,SELL,SL
2026-02-26 08:26:00+00:00,100068.4360807708,-56.27678514325453,BUY,SL
2026-02-26 09:49:00+00:00,100001.80284673008,-66.63323404072798,SELL,SL
2026-02-27 10:08:00+00:00,100037.65885987214,35.85601314206542,SELL,SL
2026-03-02 08:37:00+00:00,100053.96343802314,16.30457815099362,BUY,SL
2026-03-02 08:55:00+00:00,100009.90460930689,-44.058828716260905,BUY,SL
2026-03-02 13:45:00+00:00,99951.72578270083,-58.178826606053924,BUY,SL
2026-03-03 07:19:00+00:00,99819.0308604146,-132.69492228622767,SELL,SL
2026-03-03 07:38:00+00:00,99715.88038819676,-103.1504722178397,SELL,SL
2026-03-03 08:15:00+00:00,99629.01311379192,-86.86727440483992,BUY,SL
2026-03-04 08:04:00+00:00,99532.39860924779,-96.6145045441317,BUY,SL
2026-03-04 08:24:00+00:00,99441.11348951049,-91.28511973729474,SELL,SL
2026-03-04 08:54:00+00:00,99491.81719568695,50.70370617645494,BUY,SL
2026-03-05 08:04:00+00:00,99403.3464398025,-88.47075588445477,BUY,SL
2026-03-05 08:46:00+00:00,99321.74041894558,-81.60602085691609,SELL,SL
2026-03-05 09:08:00+00:00,99465.07933455917,143.33891561357632,BUY,TP
2026-03-06 07:58:00+00:00,99409.10927990713,-55.970054652034385,SELL,SL
2026-03-06 08:16:00+00:00,99353.78561847152,-55.32366143561376,SELL,SL
2026-03-06 09:09:00+00:00,99481.85753149514,128.07191302362298,SELL,TP
2026-03-09 08:02:00+00:00,99437.05311458513,-44.80441691001034,SELL,SL
2026-03-09 08:34:00+00:00,99463.78499417138,26.73187958624567,SELL,SL
2026-03-09 09:08:00+00:00,99422.44661138796,-41.3383827834241,SELL,SL
2026-03-10 07:09:00+00:00,99378.66616572627,-43.78044566168683,BUY,SL
2026-03-10 08:22:00+00:00,99398.3426170348,19.676451308514515,BUY,SL
2026-03-10 10:01:00+00:00,99337.45920973331,-60.88340730148958,BUY,SL
2026-03-11 07:37:00+00:00,99441.22598087258,103.76677113927144,SELL,TP
2026-03-11 09:32:00+00:00,99387.72656748978,-53.49941338279678,SELL,SL
2026-03-11 09:52:00+00:00,99339.33330662738,-48.39326086240362,BUY,SL
2026-03-12 09:21:00+00:00,99292.37591343804,-46.957393189331924,BUY,SL
2026-03-12 12:58:00+00:00,99334.93004858274,42.55413514470092,BUY,SL
2026-03-12 13:16:00+00:00,99275.16271019,-59.767338392739475,BUY,SL
2026-03-13 08:02:00+00:00,99412.56381914814,137.40110895814723,SELL,TP
2026-03-13 08:51:00+00:00,99335.15764535379,-77.40617379435207,SELL,SL
2026-03-13 10:16:00+00:00,99276.39166405106,-58.76598130272214,SELL,SL
2026-03-16 07:15:00+00:00,99341.5063849543,65.11472090322968,SELL,TP
2026-03-16 08:49:00+00:00,99362.04584625375,20.53946129946326,SELL,SL
2026-03-16 12:06:00+00:00,99324.16907069396,-37.87677555979372,SELL,SL
2026-03-17 07:27:00+00:00,99270.42325212009,-53.74581857386147,SELL,SL
2026-03-17 08:22:00+00:00,99295.97116366448,25.547911544381353,BUY,SL
2026-03-17 09:07:00+00:00,99241.34427960562,-54.626884058852745,BUY,SL
2026-03-18 07:36:00+00:00,99206.06818113147,-35.27609847414169,BUY,SL
2026-03-18 09:20:00+00:00,99214.81618103848,8.747999907009216,SELL,SL
2026-03-18 10:13:00+00:00,99233.03523395552,18.21905291704752,SELL,SL
2026-03-19 10:20:00+00:00,99588.1616127617,355.1263788061806,SELL,TP
2026-03-19 13:54:00+00:00,99307.38859321203,-280.77301954966975,SELL,SL
2026-03-19 15:50:00+00:00,99425.6335825274,118.24498931536256,SELL,SL
2026-03-20 07:37:00+00:00,99323.3445739731,-102.28900855429856,SELL,SL
2026-03-20 08:45:00+00:00,99218.89020665815,-104.45436731494738,BUY,SL
2026-03-20 09:46:00+00:00,99437.07269068374,218.1824840255922,SELL,TP
2026-03-23 07:48:00+00:00,99243.52177227201,-193.55091841172452,SELL,SL
2026-03-23 10:02:00+00:00,99114.56911726558,-128.9526550064329,SELL,SL
2026-03-23 12:42:00+00:00,99508.70601683304,394.1368995674611,BUY,TP
2026-03-24 07:53:00+00:00,99756.42481756769,247.71880073465584,BUY,TP
2026-03-24 08:20:00+00:00,99622.01688462206,-134.40793294563264,BUY,SL
2026-03-24 08:49:00+00:00,99500.58940235895,-121.42748226311598,SELL,SL
2026-03-25 07:23:00+00:00,99528.52668370394,27.937281344984516,BUY,SL
2026-03-25 07:57:00+00:00,99450.41052863223,-78.11615507170245,BUY,SL
2026-03-25 08:36:00+00:00,99463.24405678589,12.833528153651061,BUY,SL
2026-03-26 07:23:00+00:00,99497.24027349855,33.996216712666865,SELL,SL
2026-03-26 08:17:00+00:00,99569.860075854,72.61980235544799,SELL,SL
2026-03-26 10:22:00+00:00,99431.31029563851,-138.5497802154805,SELL,SL
2026-03-27 08:01:00+00:00,99451.09406819566,19.783772557138946,SELL,SL
2026-03-27 09:32:00+00:00,99377.64415690338,-73.4499112922731,SELL,SL
2026-03-27 10:26:00+00:00,99384.93787951283,7.293722609456381,SELL,SL
2026-03-30 07:34:00+00:00,99341.06110193909,-43.87677757374149,BUY,SL
2026-03-30 08:23:00+00:00,99354.32360387812,13.262501939025242,BUY,SL
2026-03-30 09:12:00+00:00,99318.94598213719,-35.377621740935865,BUY,SL
2026-03-31 08:08:00+00:00,99459.61405340498,140.66807126779167,BUY,TP
2026-03-31 13:03:00+00:00,99348.72395631853,-110.89009708644882,BUY,SL
2026-03-31 13:31:00+00:00,99254.47351396471,-94.25044235382303,BUY,SL
2026-04-01 07:33:00+00:00,99415.55103349054,161.07751952582475,BUY,TP
2026-04-01 08:11:00+00:00,99439.07651455641,23.525481065862554,BUY,SL
2026-04-01 08:41:00+00:00,99461.22146091543,22.144946359030655,BUY,SL
2026-04-02 09:11:00+00:00,99525.08803389952,63.86657298408864,SELL,SL
2026-04-02 09:40:00+00:00,99557.22915037519,32.14111647566824,SELL,SL
2026-04-02 10:05:00+00:00,99472.9193466263,-84.30980374889259,SELL,SL
2026-04-06 07:30:00+00:00,99477.33660358895,4.417256962656211,SELL,SL
2026-04-06 07:50:00+00:00,99544.62631491601,67.28971132705284,BUY,TP
2026-04-06 09:54:00+00:00,99517.39259961422,-27.233715301781558,BUY,SL
2026-04-07 07:23:00+00:00,99456.693213852,-60.69938576220921,BUY,SL
2026-04-07 08:02:00+00:00,99391.65382736971,-65.03938648230361,SELL,SL
2026-04-07 09:39:00+00:00,99311.15461451837,-80.4992128513368,BUY,SL
2026-04-08 08:25:00+00:00,99238.18323449188,-72.97138002649262,BUY,SL
2026-04-08 12:19:00+00:00,99163.25993819063,-74.92329630124914,BUY,SL
2026-04-08 13:31:00+00:00,99058.0392133925,-105.22072479812779,BUY,SL
2026-04-09 07:34:00+00:00,98978.56065608293,-79.4785573095669,SELL,SL
2026-04-09 07:58:00+00:00,98893.67173916496,-84.88891691798017,SELL,SL
2026-04-09 08:59:00+00:00,98903.02927010632,9.357530941351797,BUY,SL
2026-04-10 07:38:00+00:00,98847.09081562393,-55.93845448238426,SELL,SL
2026-04-10 08:21:00+00:00,98880.04959288037,32.9587772564355,SELL,SL
2026-04-10 08:47:00+00:00,98971.46592678122,91.4163339008519,SELL,TP
2026-04-13 07:55:00+00:00,98991.9314787476,20.465551966385647,BUY,SL
2026-04-13 08:40:00+00:00,98963.60545695586,-28.32602179173591,BUY,SL
2026-04-13 09:29:00+00:00,99022.4234432311,58.81798627524404,SELL,TP
